Date,S&P North American Technology Sector Index (TR),S&P North American Technology Sector Index,,,,,,,
9/30/09,116.68,199.96,,,,,,,
10/1/09,113.39,194.31,,,,,,,
10/2/09,112.83,193.36,,,,,,,
10/5/09,113.89,195.17,,,,,,,
10/6/09,116.03,198.84,,,,,,,
10/7/09,116.62,199.86,,,,,,,
10/8/09,117.13,200.73,,,,,,,
10/9/09,118.49,203.05,,,,,,,
10/12/09,118.73,203.45,,,,,,,
10/13/09,118.76,203.51,,,,,,,
10/14/09,120.53,206.53,,,,,,,
10/15/09,120.34,206.22,,,,,,,
10/16/09,119.06,204.02,,,,,,,
10/19/09,120.22,206.01,,,,,,,
10/20/09,120.14,205.87,,,,,,,
10/21/09,119.72,205.15,,,,,,,
10/22/09,120.45,206.4,,,,,,,
10/23/09,120.3,206.15,,,,,,,
10/26/09,119.94,205.53,,,,,,,
10/27/09,118.7,203.39,,,,,,,
10/28/09,116.45,199.53,,,,,,,
10/29/09,118.68,203.33,,,,,,,
10/30/09,115.71,198.25,,,,,,,
11/2/09,116.05,198.82,,,,,,,
11/3/09,116.01,198.75,,,,,,,
11/4/09,116.62,199.73,,,,,,,
11/5/09,119.22,204.18,,,,,,,
11/6/09,119.54,204.66,,,,,,,
11/9/09,122.14,209.1,,,,,,,
11/10/09,122.3,209.37,,,,,,,
11/11/09,123.03,210.61,,,,,,,
11/12/09,122.36,209.46,,,,,,,
11/13/09,123.47,211.35,,,,,,,
11/16/09,124.72,213.49,,,,,,,
11/17/09,125.3,214.4,,,,,,,
11/18/09,124.6,213.18,,,,,,,
11/19/09,122.51,209.6,,,,,,,
11/20/09,121.8,208.39,,,,,,,
11/23/09,123.72,211.65,,,,,,,
11/24/09,123.18,210.72,,,,,,,
11/25/09,123.45,211.19,,,,,,,
11/27/09,121.4,207.69,,,,,,,
11/30/09,121.75,208.27,,,,,,,
12/1/09,123.54,211.33,,,,,,,
12/2/09,123.58,211.4,,,,,,,
12/3/09,123.28,210.89,,,,,,,
12/4/09,124.31,212.65,,,,,,,
12/7/09,123.78,211.73,,,,,,,
12/8/09,122.95,210.32,,,,,,,
12/9/09,124,212.11,,,,,,,
12/10/09,124.62,213.16,,,,,,,
12/11/09,124.18,212.41,,,,,,,
12/14/09,125.27,214.25,,,,,,,
12/15/09,124.7,213.27,,,,,,,
12/16/09,125.18,214.09,,,,,,,
12/17/09,123.66,211.5,,,,,,,
12/18/09,125.67,214.93,,,,,,,
12/21/09,127.1,217.38,,,,,,,
12/22/09,127.79,218.55,,,,,,,
12/23/09,128.75,220.19,,,,,,,
12/24/09,129.9,222.16,,,,,,,
12/28/09,130.11,222.52,,,,,,,
12/29/09,129.93,222.2,,,,,,,
12/30/09,130.47,223.12,,,,,,,
12/31/09,129.06,220.72,,,,,,,
1/4/10,130.94,223.93,,,,,,,
1/5/10,130.92,223.9,,,,,,,
1/6/10,129.86,222.09,,,,,,,
1/7/10,129.34,221.2,,,,,,,
1/8/10,130.37,222.96,,,,,,,
1/11/10,129.82,222.01,,,,,,,
1/12/10,128.13,219.12,,,,,,,
1/13/10,129.43,221.36,,,,,,,
1/14/10,130.16,222.58,,,,,,,
1/15/10,128.44,219.64,,,,,,,
1/19/10,130.28,222.79,,,,,,,
1/20/10,128.56,219.84,,,,,,,
1/21/10,127.41,217.88,,,,,,,
1/22/10,122.63,209.7,,,,,,,
1/25/10,123.33,210.9,,,,,,,
1/26/10,123.18,210.65,,,,,,,
1/27/10,124.05,212.14,,,,,,,
1/28/10,120.75,206.47,,,,,,,
1/29/10,118.4,202.45,,,,,,,
2/1/10,120.07,205.3,,,,,,,
2/2/10,121.04,206.96,,,,,,,
2/3/10,121.45,207.58,,,,,,,
2/4/10,117.89,201.49,,,,,,,
2/5/10,119.14,203.62,,,,,,,
2/8/10,118.59,202.62,,,,,,,
2/9/10,119.76,204.62,,,,,,,
2/10/10,119.51,204.18,,,,,,,
2/11/10,121.06,206.81,,,,,,,
2/12/10,121.33,207.28,,,,,,,
2/16/10,123.11,210.24,,,,,,,
2/17/10,123.56,211,,,,,,,
2/18/10,124.66,212.86,,,,,,,
2/19/10,124.59,212.74,,,,,,,
2/22/10,124.23,212.11,,,,,,,
2/23/10,122.46,209.09,,,,,,,
2/24/10,123.83,211.4,,,,,,,
2/25/10,123.47,210.78,,,,,,,
2/26/10,123.53,210.9,,,,,,,
3/1/10,125.55,214.35,,,,,,,
3/2/10,125.55,214.34,,,,,,,
3/3/10,125.61,214.43,,,,,,,
3/4/10,126.21,215.45,,,,,,,
3/5/10,127.93,218.4,,,,,,,
3/8/10,128.47,219.31,,,,,,,
3/9/10,128.9,220.05,,,,,,,
3/10/10,129.99,221.89,,,,,,,
3/11/10,130.54,222.82,,,,,,,
3/12/10,130.48,222.72,,,,,,,
3/15/10,130.11,222.07,,,,,,,
3/16/10,131.05,223.67,,,,,,,
3/17/10,131.64,224.68,,,,,,,
3/18/10,131.85,225.03,,,,,,,
3/19/10,130.64,222.96,,,,,,,
3/22/10,131.69,224.76,,,,,,,
3/23/10,132.89,226.81,,,,,,,
3/24/10,131.94,225.19,,,,,,,
3/25/10,132.35,225.89,,,,,,,
3/26/10,132.22,225.67,,,,,,,
3/29/10,132.37,225.92,,,,,,,
3/30/10,132.96,226.92,,,,,,,
3/31/10,132.17,225.56,,,,,,,
4/1/10,132.08,225.41,,,,,,,
4/5/10,133.7,228.17,,,,,,,
4/6/10,133.94,228.59,,,,,,,
4/7/10,133.65,228.08,,,,,,,
4/8/10,133.64,228.08,,,,,,,
4/9/10,134.7,229.88,,,,,,,
4/12/10,135.22,230.75,,,,,,,
4/13/10,135.67,231.52,,,,,,,
4/14/10,138.12,235.71,,,,,,,
4/15/10,138.75,236.78,,,,,,,
4/16/10,136.78,233.41,,,,,,,
4/19/10,136.79,233.43,,,,,,,
4/20/10,137.66,234.92,,,,,,,
4/21/10,138.06,235.59,,,,,,,
4/22/10,138.56,236.45,,,,,,,
4/23/10,139.06,237.31,,,,,,,
4/26/10,139.02,237.24,,,,,,,
4/27/10,136.11,232.27,,,,,,,
4/28/10,136.24,232.48,,,,,,,
4/29/10,137.67,234.91,,,,,,,
4/30/10,134.44,229.4,,,,,,,
5/3/10,136.32,232.6,,,,,,,
5/4/10,132.17,225.52,,,,,,,
5/5/10,131.36,224.06,,,,,,,
5/6/10,127.12,216.75,,,,,,,
5/7/10,124.18,211.72,,,,,,,
5/10/10,130.36,222.26,,,,,,,
5/11/10,129.75,221.24,,,,,,,
5/12/10,132.76,226.35,,,,,,,
5/13/10,131.05,223.43,,,,,,,
5/14/10,128.25,218.65,,,,,,,
5/17/10,128.61,219.26,,,,,,,
5/18/10,126.46,215.52,,,,,,,
5/19/10,125.64,214.12,,,,,,,
5/20/10,121.11,206.39,,,,,,,
5/21/10,122.47,208.72,,,,,,,
5/24/10,121.72,207.43,,,,,,,
5/25/10,121.6,207.22,,,,,,,
5/26/10,120.68,205.61,,,,,,,
5/27/10,124.98,212.93,,,,,,,
5/28/10,123.74,210.81,,,,,,,
6/1/10,122.18,208.15,,,,,,,
6/2/10,124.95,212.86,,,,,,,
6/3/10,126.42,215.37,,,,,,,
6/4/10,122.25,208.26,,,,,,,
6/7/10,119.79,204.08,,,,,,,
6/8/10,119.85,204.18,,,,,,,
6/9/10,118.95,202.62,,,,,,,
6/10/10,122.13,208.05,,,,,,,
6/11/10,123.46,210.31,,,,,,,
6/14/10,123.25,209.92,,,,,,,
6/15/10,126.82,216.01,,,,,,,
6/16/10,127.07,216.42,,,,,,,
6/17/10,127.56,217.26,,,,,,,
6/18/10,127.57,217.27,,,,,,,
6/21/10,126.44,215.36,,,,,,,
6/22/10,125.15,213.15,,,,,,,
6/23/10,124.71,212.41,,,,,,,
6/24/10,122.38,208.43,,,,,,,
6/25/10,121.85,207.54,,,,,,,
6/28/10,122.17,208.07,,,,,,,
6/29/10,117.38,199.92,,,,,,,
6/30/10,115.64,196.96,,,,,,,
7/1/10,115.27,196.31,,,,,,,
7/2/10,114.85,195.61,,,,,,,
7/6/10,115.58,196.85,,,,,,,
7/7/10,119.9,204.21,,,,,,,
7/8/10,120.58,205.35,,,,,,,
7/9/10,121.4,206.75,,,,,,,
7/12/10,122.25,208.19,,,,,,,
7/13/10,124.34,211.74,,,,,,,
7/14/10,125.29,213.36,,,,,,,
7/15/10,125.39,213.54,,,,,,,
7/16/10,121.65,207.16,,,,,,,
7/19/10,123.05,209.55,,,,,,,
7/20/10,123.88,210.97,,,,,,,
7/21/10,122.03,207.82,,,,,,,
7/22/10,125.43,213.6,,,,,,,
7/23/10,126.35,215.18,,,,,,,
7/26/10,127.32,216.82,,,,,,,
7/27/10,127.16,216.56,,,,,,,
7/28/10,125.93,214.45,,,,,,,
7/29/10,124.82,212.54,,,,,,,
7/30/10,124.4,211.82,,,,,,,
8/2/10,126.86,216.01,,,,,,,
8/3/10,126.36,215.17,,,,,,,
8/4/10,127.46,216.95,,,,,,,
8/5/10,126.95,216.07,,,,,,,
8/6/10,126.68,215.52,,,,,,,
8/9/10,127.41,216.76,,,,,,,
8/10/10,125.84,214.09,,,,,,,
8/11/10,122.44,208.29,,,,,,,
8/12/10,120.34,204.72,,,,,,,
8/13/10,119.52,203.32,,,,,,,
8/16/10,119.99,204.11,,,,,,,
8/17/10,121.45,206.52,,,,,,,
8/18/10,122.03,207.49,,,,,,,
8/19/10,120.55,204.97,,,,,,,
8/20/10,120.6,205.06,,,,,,,
8/23/10,119.37,202.95,,,,,,,
8/24/10,117.44,199.67,,,,,,,
8/25/10,118.13,200.8,,,,,,,
8/26/10,116.82,198.57,,,,,,,
8/27/10,118.42,201.28,,,,,,,
8/30/10,116.85,198.61,,,,,,,
8/31/10,116.13,197.4,,,,,,,
9/1/10,119.44,203.02,,,,,,,
9/2/10,120.64,205.06,,,,,,,
9/3/10,122.69,208.53,,,,,,,
9/7/10,121.44,206.41,,,,,,,
9/8/10,122.02,207.37,,,,,,,
9/9/10,122.21,207.7,,,,,,,
9/10/10,122.21,207.69,,,,,,,
9/13/10,124.86,212.19,,,,,,,
9/14/10,125.56,213.37,,,,,,,
9/15/10,126.2,214.45,,,,,,,
9/16/10,126.99,215.79,,,,,,,
9/17/10,127.53,216.71,,,,,,,
9/20/10,129.37,219.84,,,,,,,
9/21/10,129.21,219.58,,,,,,,
9/22/10,128.4,218.2,,,,,,,
9/23/10,128.39,218.18,,,,,,,
9/24/10,131.44,223.36,,,,,,,
9/27/10,131.12,222.82,,,,,,,
9/28/10,131.46,223.38,,,,,,,
9/29/10,131.56,223.55,,,,,,,
9/30/10,130.85,222.34,,,,,,,
10/1/10,130.67,222.04,,,,,,,
10/4/10,129.27,219.64,,,,,,,
10/5/10,132.24,224.7,,,,,,,
10/6/10,130.9,222.41,,,,,,,
10/7/10,131.27,223.05,,,,,,,
10/8/10,132.16,224.55,,,,,,,
10/11/10,132.16,224.55,,,,,,,
10/12/10,133.18,226.28,,,,,,,
10/13/10,134.34,228.26,,,,,,,
10/14/10,134.4,228.35,,,,,,,
10/15/10,136.7,232.27,,,,,,,
10/18/10,137.1,232.95,,,,,,,
10/19/10,134.64,228.77,,,,,,,
10/20/10,135.78,230.7,,,,,,,
10/21/10,136.04,231.15,,,,,,,
10/22/10,137.19,233.1,,,,,,,
10/25/10,137.83,234.18,,,,,,,
10/26/10,138.04,234.55,,,,,,,
10/27/10,138.79,235.82,,,,,,,
10/28/10,138.83,235.86,,,,,,,
10/29/10,138.99,236.13,,,,,,,
11/1/10,139.23,236.53,,,,,,,
11/2/10,140.54,238.76,,,,,,,
11/3/10,141.36,240.06,,,,,,,
11/4/10,143.68,244.01,,,,,,,
11/5/10,143.85,244.29,,,,,,,
11/8/10,144.05,244.53,,,,,,,
11/9/10,143.56,243.7,,,,,,,
11/10/10,144.09,244.59,,,,,,,
11/11/10,141.63,240.42,,,,,,,
11/12/10,139.79,237.29,,,,,,,
11/15/10,139.06,236.03,,,,,,,
11/16/10,136.61,231.76,,,,,,,
11/17/10,136.7,231.91,,,,,,,
11/18/10,139.23,236.2,,,,,,,
11/19/10,139.68,236.97,,,,,,,
11/22/10,140.78,238.78,,,,,,,
11/23/10,138.76,235.35,,,,,,,
11/24/10,141.43,239.89,,,,,,,
11/26/10,140.83,238.87,,,,,,,
11/29/10,140.07,237.58,,,,,,,
11/30/10,138.32,234.61,,,,,,,
12/1/10,141.41,239.84,,,,,,,
12/2/10,143.08,242.67,,,,,,,
12/3/10,143.66,243.66,,,,,,,
12/6/10,143.82,243.92,,,,,,,
12/7/10,143.76,243.83,,,,,,,
12/8/10,144.85,245.65,,,,,,,
12/9/10,144.95,245.82,,,,,,,
12/10/10,145.75,247.17,,,,,,,
12/13/10,145.06,245.99,,,,,,,
12/14/10,144.93,245.76,,,,,,,
12/15/10,144.14,244.42,,,,,,,
12/16/10,144.87,245.65,,,,,,,
12/17/10,145.14,246.1,,,,,,,
12/20/10,145.16,246.14,,,,,,,
12/21/10,146.08,247.69,,,,,,,
12/22/10,146.02,247.6,,,,,,,
12/23/10,145.75,247.13,,,,,,,
12/27/10,145.97,247.51,,,,,,,
12/28/10,145.81,247.24,,,,,,,
12/29/10,146.05,247.65,,,,,,,
12/30/10,145.82,247.25,,,,,,,
12/31/10,145.39,246.52,,,,,,,
1/3/11,147.22,249.62,,,,,,,
1/4/11,147.27,249.7,,,,,,,
1/5/11,148.45,251.71,,,,,,,
1/6/11,149.66,253.76,,,,,,,
1/7/11,149.28,253.11,,,,,,,
1/10/11,149.63,253.71,,,,,,,
1/11/11,149.99,254.31,,,,,,,
1/12/11,151.32,256.57,,,,,,,
1/13/11,151.27,256.48,,,,,,,
1/14/11,152.72,258.93,,,,,,,
1/18/11,153.38,260.05,,,,,,,
1/19/11,151.92,257.57,,,,,,,
1/20/11,150.55,255.25,,,,,,,
1/21/11,149.56,253.57,,,,,,,
1/24/11,151.61,257.04,,,,,,,
1/25/11,151.92,257.57,,,,,,,
1/26/11,152.69,258.88,,,,,,,
1/27/11,153.79,260.73,,,,,,,
1/28/11,150.16,254.57,,,,,,,
1/31/11,151.07,256.1,,,,,,,
2/1/11,153.83,260.78,,,,,,,
2/2/11,154.41,261.76,,,,,,,
2/3/11,154.59,261.98,,,,,,,
2/4/11,155.89,264.18,,,,,,,
2/7/11,156.71,265.57,,,,,,,
2/8/11,157.44,266.72,,,,,,,
2/9/11,157.11,266.16,,,,,,,
2/10/11,156.82,265.66,,,,,,,
2/11/11,157.45,266.72,,,,,,,
2/14/11,157.86,267.41,,,,,,,
2/15/11,157.01,265.86,,,,,,,
2/16/11,158.16,267.79,,,,,,,
2/17/11,158.6,268.53,,,,,,,
2/18/11,158.55,268.44,,,,,,,
2/22/11,154.25,261.17,,,,,,,
2/23/11,151.77,256.94,,,,,,,
2/24/11,152.64,258.41,,,,,,,
2/25/11,154.72,261.93,,,,,,,
2/28/11,154.59,261.69,,,,,,,
3/1/11,151.94,257.2,,,,,,,
3/2/11,152.75,258.58,,,,,,,
3/3/11,155.47,263.17,,,,,,,
3/4/11,154.39,261.34,,,,,,,
3/7/11,152.09,257.45,,,,,,,
3/8/11,153.02,259.02,,,,,,,
3/9/11,151.94,257.18,,,,,,,
3/10/11,148.83,251.91,,,,,,,
3/11/11,149.75,253.46,,,,,,,
3/14/11,149.04,252.24,,,,,,,
3/15/11,146.98,248.75,,,,,,,
3/16/11,143.53,242.9,,,,,,,
3/17/11,144.58,244.68,,,,,,,
3/18/11,144.92,245.25,,,,,,,
3/21/11,147.71,249.98,,,,,,,
3/22/11,147.21,249.13,,,,,,,
3/23/11,148.19,250.78,,,,,,,
3/24/11,150.73,255.07,,,,,,,
3/25/11,150.85,255.28,,,,,,,
3/28/11,150.08,253.99,,,,,,,
3/29/11,151.29,256,,,,,,,
3/30/11,151.88,256.99,,,,,,,
3/31/11,151.59,256.5,,,,,,,
4/1/11,151.49,256.32,,,,,,,
4/4/11,150.86,255.27,,,,,,,
4/5/11,150.93,255.37,,,,,,,
4/6/11,151.76,256.78,,,,,,,
4/7/11,151.76,256.79,,,,,,,
4/8/11,150.97,255.45,,,,,,,
4/11/11,150.69,254.96,,,,,,,
4/12/11,149.18,252.4,,,,,,,
4/13/11,150.36,254.36,,,,,,,
4/14/11,149.89,253.58,,,,,,,
4/15/11,149.54,252.97,,,,,,,
4/18/11,148.19,250.7,,,,,,,
4/19/11,148.71,251.56,,,,,,,
4/20/11,152.32,257.67,,,,,,,
4/21/11,153.66,259.95,,,,,,,
4/25/11,153.94,260.42,,,,,,,
4/26/11,155.02,262.25,,,,,,,
4/27/11,156.16,264.18,,,,,,,
4/28/11,156.18,264.18,,,,,,,
4/29/11,156.27,264.33,,,,,,,
5/2/11,155.71,263.38,,,,,,,
5/3/11,154.87,261.96,,,,,,,
5/4/11,154.4,261.06,,,,,,,
5/5/11,153.74,259.95,,,,,,,
5/6/11,154.26,260.74,,,,,,,
5/9/11,154.86,261.75,,,,,,,
5/10/11,156.34,264.26,,,,,,,
5/11/11,155.06,262.09,,,,,,,
5/12/11,156.12,263.88,,,,,,,
5/13/11,154.24,260.7,,,,,,,
5/16/11,151.69,256.38,,,,,,,
5/17/11,151.46,255.87,,,,,,,
5/18/11,152.95,258.38,,,,,,,
5/19/11,153.17,258.74,,,,,,,
5/20/11,152.27,257.22,,,,,,,
5/23/11,149.76,252.98,,,,,,,
5/24/11,149,251.69,,,,,,,
5/25/11,149.77,252.95,,,,,,,
5/26/11,150.83,254.73,,,,,,,
5/27/11,151.59,255.99,,,,,,,
5/31/11,153.77,259.68,,,,,,,
6/1/11,150.31,253.83,,,,,,,
6/2/11,150.55,254.24,,,,,,,
6/3/11,148.25,250.35,,,,,,,
6/6/11,147.09,248.39,,,,,,,
6/7/11,146.82,247.93,,,,,,,
6/8/11,145.38,245.48,,,,,,,
6/9/11,145.67,245.98,,,,,,,
6/10/11,143.46,242.25,,,,,,,
6/13/11,143.26,241.88,,,,,,,
6/14/11,145.21,245.17,,,,,,,
6/15/11,142.47,240.54,,,,,,,
6/16/11,141.75,239.32,,,,,,,
6/17/11,141.21,238.41,,,,,,,
6/20/11,141.76,239.33,,,,,,,
6/21/11,144.81,244.48,,,,,,,
6/22/11,143.72,242.65,,,,,,,
6/23/11,145.02,244.84,,,,,,,
6/24/11,142.62,240.78,,,,,,,
6/27/11,144.59,244.12,,,,,,,
6/28/11,146.6,247.49,,,,,,,
6/29/11,147.72,249.38,,,,,,,
6/30/11,149.78,252.87,,,,,,,
7/1/11,152.3,257.11,,,,,,,
7/5/11,152.67,257.71,,,,,,,
7/6/11,153.3,258.77,,,,,,,
7/7/11,155.46,262.42,,,,,,,
7/8/11,154.69,261.13,,,,,,,
7/11/11,151.72,256.09,,,,,,,
7/12/11,150.05,253.26,,,,,,,
7/13/11,150.44,253.93,,,,,,,
7/14/11,148.75,251.08,,,,,,,
7/15/11,150.72,254.39,,,,,,,
7/18/11,149.67,252.63,,,,,,,
7/19/11,153.9,259.76,,,,,,,
7/20/11,152.84,257.97,,,,,,,
7/21/11,153.4,258.91,,,,,,,
7/22/11,155.26,262.06,,,,,,,
7/25/11,154.62,260.98,,,,,,,
7/26/11,155.1,261.79,,,,,,,
7/27/11,150.71,254.38,,,,,,,
7/28/11,150.83,254.55,,,,,,,
7/29/11,149.62,252.51,,,,,,,
8/1/11,149.1,251.64,,,,,,,
8/2/11,145.47,245.51,,,,,,,
8/3/11,147.36,248.58,,,,,,,
8/4/11,140.43,236.89,,,,,,,
8/5/11,139.45,235.24,,,,,,,
8/8/11,131.13,221.11,,,,,,,
8/9/11,137.21,231.36,,,,,,,
8/10/11,131.7,222.08,,,,,,,
8/11/11,137.74,232.23,,,,,,,
8/12/11,138.6,233.69,,,,,,,
8/15/11,141.15,238,,,,,,,
8/16/11,139.42,234.94,,,,,,,
8/17/11,138.14,232.77,,,,,,,
8/18/11,130.39,219.71,,,,,,,
8/19/11,127.04,214.07,,,,,,,
8/22/11,127.85,215.43,,,,,,,
8/23/11,133.24,224.51,,,,,,,
8/24/11,134.21,226.1,,,,,,,
8/25/11,131.96,222.31,,,,,,,
8/26/11,135.24,227.84,,,,,,,
8/29/11,139.41,234.84,,,,,,,
8/30/11,140.01,235.84,,,,,,,
8/31/11,140.2,236.15,,,,,,,
9/1/11,138.56,233.4,,,,,,,
9/2/11,134.99,227.38,,,,,,,
9/6/11,134.37,226.33,,,,,,,
9/7/11,138.34,233,,,,,,,
9/8/11,137.5,231.59,,,,,,,
9/9/11,134.19,226.02,,,,,,,
9/12/11,136.1,229.2,,,,,,,
9/13/11,137.85,232.14,,,,,,,
9/14/11,140.23,236.16,,,,,,,
9/15/11,142.52,240.01,,,,,,,
9/16/11,143.66,241.93,,,,,,,
9/19/11,143.22,241.19,,,,,,,
9/20/11,142.17,239.42,,,,,,,
9/21/11,140.18,236.06,,,,,,,
9/22/11,135.54,228.24,,,,,,,
9/23/11,137.04,230.78,,,,,,,
9/26/11,138.99,234.06,,,,,,,
9/27/11,140.68,236.9,,,,,,,
9/28/11,138.46,233.15,,,,,,,
9/29/11,137.82,232.08,,,,,,,
9/30/11,133.86,225.41,,,,,,,
10/3/11,130.46,219.69,,,,,,,
10/4/11,133.75,225.19,,,,,,,
10/5/11,137.11,230.84,,,,,,,
10/6/11,139.76,235.31,,,,,,,
10/7/11,139.09,234.15,,,,,,,
10/10/11,143.63,241.79,,,,,,,
10/11/11,144.4,243.09,,,,,,,
10/12/11,145.37,244.67,,,,,,,
10/13/11,146.75,247.01,,,,,,,
10/14/11,149.8,252.14,,,,,,,
10/17/11,146.82,247.12,,,,,,,
10/18/11,148.51,249.97,,,,,,,
10/19/11,145.23,244.44,,,,,,,
10/20/11,144.6,243.38,,,,,,,
10/21/11,146.8,247.08,,,,,,,
10/24/11,149.92,252.34,,,,,,,
10/25/11,147.04,247.49,,,,,,,
10/26/11,147.14,247.66,,,,,,,
10/27/11,152.2,256.16,,,,,,,
10/28/11,152.8,257.16,,,,,,,
10/31/11,149.72,251.97,,,,,,,
11/1/11,145.43,244.75,,,,,,,
11/2/11,147.28,247.86,,,,,,,
11/3/11,151.12,254.21,,,,,,,
11/4/11,150.53,253.22,,,,,,,
11/7/11,151.27,254.46,,,,,,,
11/8/11,153.09,257.44,,,,,,,
11/9/11,147.22,247.55,,,,,,,
11/10/11,147.56,248.12,,,,,,,
11/11/11,150.96,253.83,,,,,,,
11/14/11,150.1,252.37,,,,,,,
11/15/11,152.02,255.46,,,,,,,
11/16/11,149.68,251.5,,,,,,,
11/17/11,146.14,245.55,,,,,,,
11/18/11,144.98,243.6,,,,,,,
11/21/11,141.97,238.48,,,,,,,
11/22/11,141.53,237.74,,,,,,,
11/23/11,138.01,231.83,,,,,,,
11/25/11,136.96,230.06,,,,,,,
11/28/11,141.99,238.51,,,,,,,
11/29/11,140.97,236.8,,,,,,,
11/30/11,146.8,246.58,,,,,,,
12/1/11,147.55,247.84,,,,,,,
12/2/11,147.28,247.38,,,,,,,
12/5/11,149.19,250.6,,,,,,,
12/6/11,149,250.27,,,,,,,
12/7/11,149.19,250.56,,,,,,,
12/8/11,146.59,246.21,,,,,,,
12/9/11,149.13,250.46,,,,,,,
12/12/11,146.83,246.58,,,,,,,
12/13/11,145.06,243.61,,,,,,,
12/14/11,142.55,239.39,,,,,,,
12/15/11,142.21,238.8,,,,,,,
12/16/11,142.55,239.38,,,,,,,
12/19/11,140.71,236.3,,,,,,,
12/20/11,145.11,243.67,,,,,,,
12/21/11,142.09,238.6,,,,,,,
12/22/11,143.74,241.38,,,,,,,
12/23/11,145.05,243.58,,,,,,,
12/27/11,145.19,243.81,,,,,,,
12/28/11,143.46,240.89,,,,,,,
12/29/11,144.78,243.11,,,,,,,
12/30/11,144.12,242,,,,,,,
1/3/12,146.57,246.08,,,,,,,
1/4/12,146.59,246.11,,,,,,,
1/5/12,147.45,247.56,,,,,,,
1/6/12,147.63,247.85,,,,,,,
1/9/12,147.45,247.54,,,,,,,
1/10/12,148.25,248.87,,,,,,,
1/11/12,148.66,249.56,,,,,,,
1/12/12,149.29,250.62,,,,,,,
1/13/12,148.23,248.83,,,,,,,
1/17/12,149.2,250.47,,,,,,,
1/18/12,152.12,255.38,,,,,,,
1/19/12,153.56,257.79,,,,,,,
1/20/12,154,258.52,,,,,,,
1/23/12,154.07,258.64,,,,,,,
1/24/12,154.58,259.49,,,,,,,
1/25/12,155.48,261.01,,,,,,,
1/26/12,154.77,259.82,,,,,,,
1/27/12,155.13,260.4,,,,,,,
1/30/12,155.23,260.56,,,,,,,
1/31/12,155.45,260.93,,,,,,,
2/1/12,157.08,263.67,,,,,,,
2/2/12,157.71,264.72,,,,,,,
2/3/12,160.28,268.93,,,,,,,
2/6/12,159.97,268.41,,,,,,,
2/7/12,160.38,269.09,,,,,,,
2/8/12,161.29,270.54,,,,,,,
2/9/12,162.38,272.37,,,,,,,
2/10/12,161.01,270.05,,,,,,,
2/13/12,162.01,271.71,,,,,,,
2/14/12,162.35,272.13,,,,,,,
2/15/12,161.5,270.69,,,,,,,
2/16/12,164.03,274.9,,,,,,,
2/17/12,163.85,274.6,,,,,,,
2/21/12,163.95,274.76,,,,,,,
2/22/12,163.2,273.5,,,,,,,
2/23/12,163.96,274.77,,,,,,,
2/24/12,164.67,275.97,,,,,,,
2/27/12,164.72,276.04,,,,,,,
2/28/12,166.05,278.26,,,,,,,
2/29/12,164.74,276.02,,,,,,,
3/1/12,165.88,277.93,,,,,,,
3/2/12,165.32,277,,,,,,,
3/5/12,163.85,274.52,,,,,,,
3/6/12,161.87,271.21,,,,,,,
3/7/12,163.25,273.49,,,,,,,
3/8/12,165.11,276.61,,,,,,,
3/9/12,165.77,277.72,,,,,,,
3/12/12,165.73,277.61,,,,,,,
3/13/12,168.93,282.97,,,,,,,
3/14/12,169.13,283.29,,,,,,,
3/15/12,169.99,284.74,,,,,,,
3/16/12,170.04,284.82,,,,,,,
3/19/12,171.11,286.6,,,,,,,
3/20/12,170.76,286.02,,,,,,,
3/21/12,170.84,286.15,,,,,,,
3/22/12,170.37,285.37,,,,,,,
3/23/12,170.64,285.81,,,,,,,
3/26/12,173.66,290.87,,,,,,,
3/27/12,173.6,290.77,,,,,,,
3/28/12,172.74,289.32,,,,,,,
3/29/12,172.67,289.21,,,,,,,
3/30/12,172.31,288.6,,,,,,,
4/2/12,173.67,290.88,,,,,,,
4/3/12,173.21,290.06,,,,,,,
4/4/12,170.55,285.61,,,,,,,
4/5/12,170.94,286.26,,,,,,,
4/9/12,169.52,283.86,,,,,,,
4/10/12,166.84,279.37,,,,,,,
4/11/12,167.9,281.1,,,,,,,
4/12/12,170.58,285.57,,,,,,,
4/13/12,168.07,281.39,,,,,,,
4/16/12,166.63,278.97,,,,,,,
4/17/12,169.97,284.55,,,,,,,
4/18/12,168.8,282.61,,,,,,,
4/19/12,167.17,279.87,,,,,,,
4/20/12,166.45,278.66,,,,,,,
4/23/12,164.9,276.08,,,,,,,
4/24/12,164.13,274.78,,,,,,,
4/25/12,168.43,281.98,,,,,,,
4/26/12,169.94,284.49,,,,,,,
4/27/12,170.99,286.24,,,,,,,
4/30/12,170.02,284.6,,,,,,,
5/1/12,170.42,285.28,,,,,,,
5/2/12,170.58,285.54,,,,,,,
5/3/12,168.54,282.02,,,,,,,
5/4/12,164.94,276,,,,,,,
5/7/12,164.32,274.96,,,,,,,
5/8/12,163.46,273.42,,,,,,,
5/9/12,163.3,273.16,,,,,,,
5/10/12,161.98,270.94,,,,,,,
5/11/12,162,270.97,,,,,,,
5/14/12,160.48,268.42,,,,,,,
5/15/12,160.02,267.49,,,,,,,
5/16/12,158.73,265.31,,,,,,,
5/17/12,156,260.75,,,,,,,
5/18/12,153.69,256.87,,,,,,,
5/21/12,157.66,263.52,,,,,,,
5/22/12,157.24,262.79,,,,,,,
5/23/12,157.42,263.1,,,,,,,
5/24/12,156.06,260.81,,,,,,,
5/25/12,155.81,260.41,,,,,,,
5/29/12,157.89,263.87,,,,,,,
5/30/12,156.1,260.8,,,,,,,
5/31/12,155.22,259.34,,,,,,,
6/1/12,150.87,252.06,,,,,,,
6/4/12,151.58,253.25,,,,,,,
6/5/12,152.89,255.44,,,,,,,
6/6/12,157.03,262.33,,,,,,,
6/7/12,156.19,260.93,,,,,,,
6/8/12,157.53,263.16,,,,,,,
6/11/12,154.72,258.45,,,,,,,
6/12/12,156.47,261.37,,,,,,,
6/13/12,155.26,259.33,,,,,,,
6/14/12,155.61,259.91,,,,,,,
6/15/12,158.08,264.03,,,,,,,
6/18/12,158.93,265.45,,,,,,,
6/19/12,160.66,268.34,,,,,,,
6/20/12,161,268.9,,,,,,,
6/21/12,156.45,261.31,,,,,,,
6/22/12,158.45,264.64,,,,,,,
6/25/12,154.87,258.66,,,,,,,
6/26/12,155.5,259.72,,,,,,,
6/27/12,156.66,261.64,,,,,,,
6/28/12,154.94,258.77,,,,,,,
6/29/12,160.21,267.58,,,,,,,
7/2/12,160.45,267.93,,,,,,,
7/3/12,161.92,270.39,,,,,,,
7/5/12,161.78,270.14,,,,,,,
7/6/12,158.43,264.54,,,,,,,
7/9/12,157.5,263,,,,,,,
7/10/12,155.48,259.62,,,,,,,
7/11/12,154.6,258.14,,,,,,,
7/12/12,152.97,255.41,,,,,,,
7/13/12,155.2,259.13,,,,,,,
7/16/12,154.54,258.03,,,,,,,
7/17/12,154.87,258.58,,,,,,,
7/18/12,158.18,264.1,,,,,,,
7/19/12,160.42,267.84,,,,,,,
7/20/12,158.42,264.51,,,,,,,
7/23/12,156.58,261.44,,,,,,,
7/24/12,154.93,258.68,,,,,,,
7/25/12,154.58,258.1,,,,,,,
7/26/12,157.15,262.39,,,,,,,
7/27/12,161.27,269.24,,,,,,,
7/30/12,160.73,268.33,,,,,,,
7/31/12,160.47,267.89,,,,,,,
8/1/12,159.66,266.55,,,,,,,
8/2/12,158.86,265.21,,,,,,,
8/3/12,162.39,270.99,,,,,,,
8/6/12,163.6,273,,,,,,,
8/7/12,165.42,276.04,,,,,,,
8/8/12,165.14,275.47,,,,,,,
8/9/12,165.78,276.42,,,,,,,
8/10/12,166.09,276.92,,,,,,,
8/13/12,166.15,277.01,,,,,,,
8/14/12,165.57,275.89,,,,,,,
8/15/12,166.11,276.78,,,,,,,
8/16/12,168.8,281.25,,,,,,,
8/17/12,169.52,282.45,,,,,,,
8/20/12,169.28,282.03,,,,,,,
8/21/12,168.57,280.84,,,,,,,
8/22/12,168.56,280.83,,,,,,,
8/23/12,167.14,278.46,,,,,,,
8/24/12,167.96,279.82,,,,,,,
8/27/12,167.82,279.59,,,,,,,
8/28/12,167.84,279.62,,,,,,,
8/29/12,168.32,280.37,,,,,,,
8/30/12,166.15,276.76,,,,,,,
8/31/12,167.56,279.11,,,,,,,
9/4/12,167.35,278.75,,,,,,,
9/5/12,167.22,278.49,,,,,,,
9/6/12,171.57,285.73,,,,,,,
9/7/12,171.52,285.66,,,,,,,
9/10/12,169.72,282.63,,,,,,,
9/11/12,170.16,283.35,,,,,,,
9/12/12,170.66,284.16,,,,,,,
9/13/12,172.91,287.89,,,,,,,
9/14/12,174.4,290.39,,,,,,,
9/17/12,173.86,289.48,,,,,,,
9/18/12,173.71,289.23,,,,,,,
9/19/12,173.74,289.28,,,,,,,
9/20/12,173.16,288.3,,,,,,,
9/21/12,173.18,288.33,,,,,,,
9/24/12,171.83,286.09,,,,,,,
9/25/12,169.39,282.02,,,,,,,
9/26/12,168.06,279.8,,,,,,,
9/27/12,170.59,283.99,,,,,,,
9/28/12,169.66,282.45,,,,,,,
10/1/12,169.47,282.13,,,,,,,
10/2/12,169.6,282.27,,,,,,,
10/3/12,170.12,283.14,,,,,,,
10/4/12,170.75,284.19,,,,,,,
10/5/12,170.08,283.07,,,,,,,
10/8/12,168.78,280.89,,,,,,,
10/9/12,166.08,276.4,,,,,,,
10/10/12,164.9,274.36,,,,,,,
10/11/12,164.97,274.48,,,,,,,
10/12/12,165.02,274.56,,,,,,,
10/15/12,166.15,276.44,,,,,,,
10/16/12,168.41,280.2,,,,,,,
10/17/12,167.37,278.46,,,,,,,
10/18/12,165.02,274.55,,,,,,,
10/19/12,161.57,268.82,,,,,,,
10/22/12,162.02,269.57,,,,,,,
10/23/12,160.94,267.77,,,,,,,
10/24/12,159.55,265.45,,,,,,,
10/25/12,159.56,265.46,,,,,,,
10/26/12,160.42,266.9,,,,,,,
10/31/12,159.94,266.07,,,,,,,
11/1/12,163.19,271.48,,,,,,,
11/2/12,161.45,268.58,,,,,,,
11/5/12,162.39,270.02,,,,,,,
11/6/12,163.79,272.34,,,,,,,
11/7/12,159.69,265.34,,,,,,,
11/8/12,157.94,262.43,,,,,,,
11/9/12,158.49,263.33,,,,,,,
11/12/12,158.13,262.73,,,,,,,
11/13/12,156.96,260.59,,,,,,,
11/14/12,155.3,257.79,,,,,,,
11/15/12,154.95,257.2,,,,,,,
11/16/12,155.56,258.2,,,,,,,
11/19/12,158.84,263.62,,,,,,,
11/20/12,158.19,262.53,,,,,,,
11/21/12,159.05,263.96,,,,,,,
11/23/12,161.5,268.03,,,,,,,
11/26/12,162.02,268.89,,,,,,,
11/27/12,161.51,267.97,,,,,,,
11/28/12,162.9,270.25,,,,,,,
11/29/12,163.67,271.52,,,,,,,
11/30/12,163.46,271.19,,,,,,,
12/3/12,162.99,270.4,,,,,,,
12/4/12,163.3,270.9,,,,,,,
12/5/12,162.75,269.94,,,,,,,
12/6/12,163.85,271.77,,,,,,,
12/7/12,163.38,271,,,,,,,
12/10/12,163.92,271.86,,,,,,,
12/11/12,166.08,275.43,,,,,,,
12/12/12,165.56,274.44,,,,,,,
12/13/12,164.57,272.78,,,,,,,
12/14/12,163.64,271.25,,,,,,,
12/17/12,165.74,274.73,,,,,,,
12/18/12,168.36,279.04,,,,,,,
12/19/12,167.93,278.34,,,,,,,
12/20/12,168.48,279.24,,,,,,,
12/21/12,166.79,276.43,,,,,,,
12/24/12,166.21,275.48,,,,,,,
12/26/12,165.03,273.52,,,,,,,
12/27/12,164.79,273.12,,,,,,,
12/28/12,163.03,270.18,,,,,,,
12/31/12,166.07,275.23,,,,,,,
1/2/13,171.25,283.8,,,,,,,
1/3/13,170.21,282.08,,,,,,,
1/4/13,170.05,281.82,,,,,,,
1/7/13,169.99,281.72,,,,,,,
1/8/13,169.36,280.67,,,,,,,
1/9/13,170.17,282.01,,,,,,,
1/10/13,170.87,283.16,,,,,,,
1/11/13,171.7,284.54,,,,,,,
1/14/13,171.32,283.92,,,,,,,
1/15/13,170.97,283.34,,,,,,,
1/16/13,171.39,284.02,,,,,,,
1/17/13,172.21,285.39,,,,,,,
1/18/13,171.82,284.75,,,,,,,
1/22/13,172,285.05,,,,,,,
1/23/13,173.68,287.82,,,,,,,
1/24/13,173,286.7,,,,,,,
1/25/13,174.36,288.95,,,,,,,
1/28/13,174.25,288.77,,,,,,,
1/29/13,173.31,287.19,,,,,,,
1/30/13,172.97,286.63,,,,,,,
1/31/13,172.97,286.62,,,,,,,
2/1/13,175.02,290.02,,,,,,,
2/4/13,172.49,285.83,,,,,,,
2/5/13,174.73,289.42,,,,,,,
2/6/13,174.64,289.17,,,,,,,
2/7/13,174.13,288.21,,,,,,,
2/8/13,175.85,291.06,,,,,,,
2/11/13,175.67,290.75,,,,,,,
2/12/13,175.38,290.28,,,,,,,
2/13/13,175.58,290.59,,,,,,,
2/14/13,176,291.27,,,,,,,
2/15/13,175.87,291.03,,,,,,,
2/19/13,177.16,292.98,,,,,,,
2/20/13,174.46,288.51,,,,,,,
2/21/13,172.7,285.6,,,,,,,
2/22/13,174.71,288.91,,,,,,,
2/25/13,171.87,284.22,,,,,,,
2/26/13,172.74,285.64,,,,,,,
2/27/13,174.7,288.85,,,,,,,
2/28/13,174.41,288.38,,,,,,,
3/1/13,174.97,289.31,,,,,,,
3/4/13,175.86,290.78,,,,,,,
3/5/13,178.26,294.74,,,,,,,
3/6/13,178.53,295.12,,,,,,,
3/7/13,178.95,295.8,,,,,,,
3/8/13,179.24,296.29,,,,,,,
3/11/13,179.62,296.88,,,,,,,
3/12/13,179.04,295.92,,,,,,,
3/13/13,179.2,296.16,,,,,,,
3/14/13,180.15,297.74,,,,,,,
3/15/13,179.12,296.04,,,,,,,
3/18/13,178.43,294.88,,,,,,,
3/19/13,177.86,293.95,,,,,,,
3/20/13,179.19,296.13,,,,,,,
3/21/13,176.85,292.27,,,,,,,
3/22/13,177.78,293.8,,,,,,,
3/25/13,177.12,292.71,,,,,,,
3/26/13,178.47,294.93,,,,,,,
3/27/13,178.47,294.91,,,,,,,
3/28/13,179.23,296.17,,,,,,,
4/1/13,177.55,293.39,,,,,,,
4/2/13,178.09,294.29,,,,,,,
4/3/13,176.29,291.32,,,,,,,
4/4/13,176.26,291.17,,,,,,,
4/5/13,174.55,288.34,,,,,,,
4/8/13,175.22,289.44,,,,,,,
4/9/13,176.52,291.59,,,,,,,
4/10/13,179.88,297.09,,,,,,,
4/11/13,179.3,296.13,,,,,,,
4/12/13,178.47,294.75,,,,,,,
4/15/13,174.94,288.92,,,,,,,
4/16/13,177.63,293.36,,,,,,,
4/17/13,173.99,287.35,,,,,,,
4/18/13,171.45,283.16,,,,,,,
4/19/13,171.3,282.91,,,,,,,
4/22/13,172.72,285.26,,,,,,,
4/23/13,175.21,289.36,,,,,,,
4/24/13,176.23,291.06,,,,,,,
4/25/13,176.8,292,,,,,,,
4/26/13,176.04,290.71,,,,,,,
4/29/13,178.31,294.45,,,,,,,
4/30/13,180.13,297.47,,,,,,,
5/1/13,178.4,294.61,,,,,,,
5/2/13,180.96,298.84,,,,,,,
5/3/13,183.11,302.27,,,,,,,
5/6/13,183.91,303.6,,,,,,,
5/7/13,183.63,303.13,,,,,,,
5/8/13,185,305.28,,,,,,,
5/9/13,184.59,304.43,,,,,,,
5/10/13,185.79,306.4,,,,,,,
5/13/13,185.37,305.68,,,,,,,
5/14/13,186.49,307.37,,,,,,,
5/15/13,187.25,308.59,,,,,,,
5/16/13,188.1,309.99,,,,,,,
5/17/13,190.41,313.79,,,,,,,
5/20/13,190.31,313.61,,,,,,,
5/21/13,190.07,313.19,,,,,,,
5/22/13,187.56,309.05,,,,,,,
5/23/13,187.43,308.84,,,,,,,
5/24/13,187.16,308.4,,,,,,,
5/28/13,188.68,310.89,,,,,,,
5/29/13,188.27,310.17,,,,,,,
5/30/13,189.99,313,,,,,,,
5/31/13,188.49,310.54,,,,,,,
6/3/13,189.38,311.93,,,,,,,
6/4/13,188.17,309.94,,,,,,,
6/5/13,186.28,306.83,,,,,,,
6/6/13,186.88,307.81,,,,,,,
6/7/13,188.96,311.24,,,,,,,
6/10/13,189.3,311.77,,,,,,,
6/11/13,186.94,307.88,,,,,,,
6/12/13,185.45,305.38,,,,,,,
6/13/13,187.75,309.16,,,,,,,
6/14/13,186.52,307.15,,,,,,,
6/17/13,188.72,310.75,,,,,,,
6/18/13,190.28,313.31,,,,,,,
6/19/13,188.46,310.32,,,,,,,
6/20/13,184.22,303.34,,,,,,,
6/21/13,183.07,301.45,,,,,,,
6/24/13,180.63,297.43,,,,,,,
6/25/13,182.07,299.79,,,,,,,
6/26/13,183.38,301.93,,,,,,,
6/27/13,184.54,303.82,,,,,,,
6/28/13,183.69,302.42,,,,,,,
7/1/13,184.99,304.47,,,,,,,
7/2/13,184.93,304.37,,,,,,,
7/3/13,185.93,306.01,,,,,,,
7/5/13,187.62,308.79,,,,,,,
7/8/13,187.46,308.51,,,,,,,
7/9/13,188.32,309.93,,,,,,,
7/10/13,189.22,311.36,,,,,,,
7/11/13,192.47,316.71,,,,,,,
7/12/13,193.25,317.99,,,,,,,
7/15/13,193.76,318.83,,,,,,,
7/16/13,193.58,318.53,,,,,,,
7/17/13,194.05,319.32,,,,,,,
7/18/13,193.45,318.32,,,,,,,
7/19/13,190.38,313.28,,,,,,,
7/22/13,190.99,314.28,,,,,,,
7/23/13,190.18,312.94,,,,,,,
7/24/13,191.05,314.38,,,,,,,
7/25/13,191.92,315.8,,,,,,,
7/26/13,191.92,315.8,,,,,,,
7/29/13,191.29,314.74,,,,,,,
7/30/13,192.5,316.72,,,,,,,
7/31/13,192.13,316.11,,,,,,,
8/1/13,194.76,320.43,,,,,,,
8/2/13,195.41,321.5,,,,,,,
8/5/13,195.79,322.01,,,,,,,
8/6/13,194.69,320.18,,,,,,,
8/7/13,193.98,318.93,,,,,,,
8/8/13,194.97,320.35,,,,,,,
8/9/13,194.6,319.74,,,,,,,
8/12/13,195.67,321.51,,,,,,,
8/13/13,196.63,322.91,,,,,,,
8/14/13,196.08,321.96,,,,,,,
8/15/13,192.34,315.82,,,,,,,
8/16/13,192.31,315.77,,,,,,,
8/19/13,191.76,314.86,,,,,,,
8/20/13,192.24,315.62,,,,,,,
8/21/13,191.84,314.95,,,,,,,
8/22/13,193.09,317.01,,,,,,,
8/23/13,194.37,319.1,,,,,,,
8/26/13,193.69,317.99,,,,,,,
8/27/13,189.7,311.42,,,,,,,
8/28/13,190.3,312.37,,,,,,,
8/29/13,191.41,314.2,,,,,,,
8/30/13,190.23,312.2,,,,,,,
9/3/13,191.12,313.64,,,,,,,
9/4/13,192.83,316.46,,,,,,,
9/5/13,193.42,317.42,,,,,,,
9/6/13,193.62,317.75,,,,,,,
9/9/13,196.13,321.82,,,,,,,
9/10/13,197.78,324.53,,,,,,,
9/11/13,197.59,324.18,,,,,,,
9/12/13,197.17,323.48,,,,,,,
9/13/13,197.34,323.76,,,,,,,
9/16/13,197.02,323.24,,,,,,,
9/17/13,198.44,325.57,,,,,,,
9/18/13,201.02,329.8,,,,,,,
9/19/13,201.22,330.12,,,,,,,
9/20/13,200.23,328.51,,,,,,,
9/23/13,199.82,327.83,,,,,,,
9/24/13,199.7,327.63,,,,,,,
9/25/13,199.45,327.22,,,,,,,
9/26/13,200.32,328.64,,,,,,,
9/27/13,199.33,326.97,,,,,,,
9/30/13,198.28,325.25,,,,,,,
10/1/13,200.5,328.81,,,,,,,
10/2/13,200.7,329.13,,,,,,,
10/3/13,198.46,325.46,,,,,,,
10/4/13,199.92,327.82,,,,,,,
10/7/13,197.97,324.61,,,,,,,
10/8/13,194.15,318.33,,,,,,,
10/9/13,194.16,318.3,,,,,,,
10/10/13,198.14,324.82,,,,,,,
10/11/13,199.73,327.43,,,,,,,
10/14/13,200.87,329.29,,,,,,,
10/15/13,199.44,326.94,,,,,,,
10/16/13,201.44,330.22,,,,,,,
10/17/13,201.28,329.95,,,,,,,
10/18/13,205.1,336.21,,,,,,,
10/21/13,205.96,337.62,,,,,,,
10/22/13,205.58,337,,,,,,,
10/23/13,203.97,334.37,,,,,,,
10/24/13,204.88,335.85,,,,,,,
10/25/13,206.18,337.99,,,,,,,
10/28/13,206.2,338.02,,,,,,,
10/29/13,207.66,340.39,,,,,,,
10/30/13,206.51,338.48,,,,,,,
10/31/13,206.25,338.05,,,,,,,
11/1/13,206.39,338.29,,,,,,,
11/4/13,206.99,339.26,,,,,,,
11/5/13,207.25,339.57,,,,,,,
11/6/13,208.63,341.56,,,,,,,
11/7/13,205.48,336.39,,,,,,,
11/8/13,207.98,340.48,,,,,,,
11/11/13,208.37,341.12,,,,,,,
11/12/13,208.96,342.08,,,,,,,
11/13/13,211.58,346.32,,,,,,,
11/14/13,210.94,345.27,,,,,,,
11/15/13,211.77,346.62,,,,,,,
11/18/13,210,343.72,,,,,,,
11/19/13,209,341.83,,,,,,,
11/20/13,208.52,341.05,,,,,,,
11/21/13,210.85,344.84,,,,,,,
11/22/13,210.74,344.66,,,,,,,
11/25/13,210.38,344.06,,,,,,,
11/26/13,211.35,345.64,,,,,,,
11/27/13,213.17,348.56,,,,,,,
11/29/13,213.98,349.87,,,,,,,
12/2/13,213.29,348.76,,,,,,,
12/3/13,213.25,348.69,,,,,,,
12/4/13,213.85,349.65,,,,,,,
12/5/13,213.42,348.95,,,,,,,
12/6/13,215.15,351.77,,,,,,,
12/9/13,215.51,352.33,,,,,,,
12/10/13,215.4,352.15,,,,,,,
12/11/13,213.27,348.63,,,,,,,
12/12/13,212.21,346.9,,,,,,,
12/13/13,212.19,346.85,,,,,,,
12/16/13,214.34,350.37,,,,,,,
12/17/13,214.69,350.94,,,,,,,
12/18/13,216.63,354.1,,,,,,,
12/19/13,216.89,354.54,,,,,,,
12/20/13,218.92,357.85,,,,,,,
12/23/13,221.42,361.93,,,,,,,
12/24/13,221.83,362.6,,,,,,,
12/26/13,222.66,363.95,,,,,,,
12/27/13,222.06,362.96,,,,,,,
12/30/13,221.87,362.66,,,,,,,
12/31/13,223.49,365.3,,,,,,,
1/2/14,221.26,361.57,,,,,,,
1/3/14,220.78,360.74,,,,,,,
1/6/14,220.11,359.63,,,,,,,
1/7/14,222.54,363.58,,,,,,,
1/8/14,222.85,364.08,,,,,,,
1/9/14,221.78,362.33,,,,,,,
1/10/14,222.3,363.18,,,,,,,
1/13/14,219.58,358.74,,,,,,,
1/14/14,223.68,365.43,,,,,,,
1/15/14,225.96,369.16,,,,,,,
1/16/14,226.01,369.24,,,,,,,
1/17/14,225.13,367.8,,,,,,,
1/21/14,226.16,369.48,,,,,,,
1/22/14,226.32,369.75,,,,,,,
1/23/14,225.26,368.01,,,,,,,
1/24/14,220.44,360.14,,,,,,,
1/27/14,217.77,355.78,,,,,,,
1/28/14,218.37,356.75,,,,,,,
1/29/14,216.04,352.92,,,,,,,
1/30/14,220,359.38,,,,,,,
1/31/14,219.06,357.83,,,,,,,
2/3/14,213.6,348.92,,,,,,,
2/4/14,214.83,350.91,,,,,,,
2/5/14,214.62,350.46,,,,,,,
2/6/14,217.62,355.09,,,,,,,
2/7/14,221.01,360.62,,,,,,,
2/10/14,221.51,361.43,,,,,,,
2/11/14,223.64,364.91,,,,,,,
2/12/14,224.26,365.88,,,,,,,
2/13/14,226.5,369.52,,,,,,,
2/14/14,226.96,370.27,,,,,,,
2/18/14,227.71,371.26,,,,,,,
2/19/14,226.49,369.26,,,,,,,
2/20/14,227.75,371.3,,,,,,,
2/21/14,227.17,370.36,,,,,,,
2/24/14,228.58,372.65,,,,,,,
2/25/14,228.44,372.41,,,,,,,
2/26/14,229.16,373.55,,,,,,,
2/27/14,230.47,375.68,,,,,,,
2/28/14,230.03,374.96,,,,,,,
3/3/14,228,371.6,,,,,,,
3/4/14,231.98,378.09,,,,,,,
3/5/14,232.34,378.66,,,,,,,
3/6/14,232.29,378.57,,,,,,,
3/7/14,231.56,377.38,,,,,,,
3/10/14,230.9,376.28,,,,,,,
3/11/14,229.9,374.64,,,,,,,
3/12/14,230.72,375.95,,,,,,,
3/13/14,227.07,369.99,,,,,,,
3/14/14,225.95,368.17,,,,,,,
3/17/14,228.75,372.72,,,,,,,
3/18/14,231.98,377.96,,,,,,,
3/19/14,230.53,375.61,,,,,,,
3/20/14,231.92,377.87,,,,,,,
3/21/14,230.2,375.07,,,,,,,
3/24/14,228.48,372.26,,,,,,,
3/25/14,229.68,374.23,,,,,,,
3/26/14,226.28,368.67,,,,,,,
3/27/14,224.84,366.32,,,,,,,
3/28/14,225.74,367.76,,,,,,,
3/31/14,227.75,371.04,,,,,,,
4/1/14,231.22,376.6,,,,,,,
4/2/14,231.16,376.49,,,,,,,
4/3/14,229.2,373.31,,,,,,,
4/4/14,223.62,364.18,,,,,,,
4/7/14,221.64,360.94,,,,,,,
4/8/14,223.87,364.55,,,,,,,
4/9/14,227.67,370.69,,,,,,,
4/10/14,221.2,360.16,,,,,,,
4/11/14,218.21,355.28,,,,,,,
4/14/14,220.38,358.82,,,,,,,
4/15/14,221.62,360.84,,,,,,,
4/16/14,224.3,365.2,,,,,,,
4/17/14,224.01,364.72,,,,,,,
4/21/14,225.03,366.38,,,,,,,
4/22/14,226.34,368.53,,,,,,,
4/23/14,224.21,365.05,,,,,,,
4/24/14,225.54,367.22,,,,,,,
4/25/14,220.83,359.55,,,,,,,
4/28/14,221.51,360.62,,,,,,,
4/29/14,223.37,363.64,,,,,,,
4/30/14,224.31,365.18,,,,,,,
5/1/14,224.64,365.71,,,,,,,
5/2/14,224.19,364.97,,,,,,,
5/5/14,224.92,366.05,,,,,,,
5/6/14,221.88,361.1,,,,,,,
5/7/14,221.14,359.8,,,,,,,
5/8/14,221.17,359.63,,,,,,,
5/9/14,221.89,360.79,,,,,,,
5/12/14,225.78,367.11,,,,,,,
5/13/14,225.76,366.86,,,,,,,
5/14/14,224.07,364.08,,,,,,,
5/15/14,222.4,361.36,,,,,,,
5/16/14,223.76,363.57,,,,,,,
5/19/14,225.83,366.92,,,,,,,
5/20/14,224.61,364.91,,,,,,,
5/21/14,226.59,368.13,,,,,,,
5/22/14,227.13,369,,,,,,,
5/23/14,229.53,372.9,,,,,,,
5/27/14,231.81,376.59,,,,,,,
5/28/14,231.13,375.45,,,,,,,
5/29/14,232.65,377.91,,,,,,,
5/30/14,232.42,377.54,,,,,,,
6/2/14,231.99,376.76,,,,,,,
6/3/14,231.55,376.04,,,,,,,
6/4/14,232.05,376.85,,,,,,,
6/5/14,234.41,380.69,,,,,,,
6/6/14,235.78,382.9,,,,,,,
6/9/14,236.32,383.75,,,,,,,
6/10/14,236.68,384.31,,,,,,,
6/11/14,236.55,384.08,,,,,,,
6/12/14,234.35,380.49,,,,,,,
6/13/14,235.94,383.07,,,,,,,
6/16/14,236.15,383.42,,,,,,,
6/17/14,236.99,384.76,,,,,,,
6/18/14,238.38,387.02,,,,,,,
6/19/14,237.71,385.94,,,,,,,
6/20/14,237.14,385.01,,,,,,,
6/23/14,237.88,386.22,,,,,,,
6/24/14,236.46,383.91,,,,,,,
6/25/14,238.05,386.47,,,,,,,
6/26/14,237.56,385.68,,,,,,,
6/27/14,238.75,387.57,,,,,,,
6/30/14,239.15,388.23,,,,,,,
7/1/14,242.13,393.07,,,,,,,
7/2/14,242,392.77,,,,,,,
7/3/14,243.36,394.97,,,,,,,
7/7/14,242.41,393.37,,,,,,,
7/8/14,239.33,388.37,,,,,,,
7/9/14,240.61,390.44,,,,,,,
7/10/14,239.67,388.91,,,,,,,
7/11/14,240.97,391.02,,,,,,,
7/14/14,242.83,394.04,,,,,,,
7/15/14,242.32,393.2,,,,,,,
7/16/14,244.32,396.46,,,,,,,
7/17/14,241.2,391.39,,,,,,,
7/18/14,244.53,396.8,,,,,,,
7/21/14,244.49,396.74,,,,,,,
7/22/14,246.5,399.99,,,,,,,
7/23/14,246.17,399.46,,,,,,,
7/24/14,246.41,399.84,,,,,,,
7/25/14,244.55,396.83,,,,,,,
7/28/14,244.68,397.04,,,,,,,
7/29/14,243.75,395.5,,,,,,,
7/30/14,244.94,397.42,,,,,,,
7/31/14,239.95,389.31,,,,,,,
8/1/14,238.85,387.54,,,,,,,
8/4/14,240.94,390.91,,,,,,,
8/5/14,238.95,387.57,,,,,,,
8/6/14,238.74,387.11,,,,,,,
8/7/14,237.83,385.46,,,,,,,
8/8/14,239.51,388.17,,,,,,,
8/11/14,241.02,390.64,,,,,,,
8/12/14,240.37,389.58,,,,,,,
8/13/14,243.09,393.95,,,,,,,
8/14/14,243.52,394.63,,,,,,,
8/15/14,243.68,394.9,,,,,,,
8/18/14,246.22,399.01,,,,,,,
8/19/14,247.78,401.29,,,,,,,
8/20/14,247.92,401.51,,,,,,,
8/21/14,249.09,403.41,,,,,,,
8/22/14,249.17,403.54,,,,,,,
8/25/14,249.14,403.47,,,,,,,
8/26/14,249.83,404.58,,,,,,,
8/27/14,249.33,403.74,,,,,,,
8/28/14,248.62,402.59,,,,,,,
8/29/14,249.92,404.62,,,,,,,
9/2/14,250.5,405.55,,,,,,,
9/3/14,249.37,403.7,,,,,,,
9/4/14,249.23,403.48,,,,,,,
9/5/14,250.58,405.65,,,,,,,
9/8/14,251,406.3,,,,,,,
9/9/14,248.85,402.81,,,,,,,
9/10/14,250.55,405.54,,,,,,,
9/11/14,250.88,406.06,,,,,,,
9/12/14,249.6,403.98,,,,,,,
9/15/14,247.27,400.22,,,,,,,
9/16/14,249.28,403.46,,,,,,,
9/17/14,249.37,403.6,,,,,,,
9/18/14,251.21,406.58,,,,,,,
9/19/14,250.31,405.13,,,,,,,
9/22/14,247.74,400.96,,,,,,,
9/23/14,246.73,399.32,,,,,,,
9/24/14,248.83,402.73,,,,,,,
9/25/14,243.58,394.22,,,,,,,
9/26/14,246.13,398.35,,,,,,,
9/29/14,245.98,398.08,,,,,,,
9/30/14,246.16,398.28,,,,,,,
10/1/14,241.96,391.48,,,,,,,
10/2/14,242.18,391.83,,,,,,,
10/3/14,244.39,395.39,,,,,,,
10/6/14,243.99,394.71,,,,,,,
10/7/14,239.72,387.79,,,,,,,
10/8/14,244.29,395.18,,,,,,,
10/9/14,239.56,387.52,,,,,,,
10/10/14,232.15,375.54,,,,,,,
10/13/14,228.99,370.42,,,,,,,
10/14/14,230.16,372.32,,,,,,,
10/15/14,229.22,370.73,,,,,,,
10/16/14,228.17,369.03,,,,,,,
10/17/14,230.66,373.05,,,,,,,
10/20/14,232.06,375.32,,,,,,,
10/21/14,237.17,383.58,,,,,,,
10/22/14,235.21,380.41,,,,,,,
10/23/14,238.91,386.4,,,,,,,
10/24/14,240.13,388.37,,,,,,,
10/27/14,240.2,388.49,,,,,,,
10/28/14,244.08,394.76,,,,,,,
10/29/14,243.3,393.46,,,,,,,
10/30/14,244.31,395.08,,,,,,,
10/31/14,249.23,403.03,,,,,,,
11/3/14,249.91,404.12,,,,,,,
11/4/14,249.68,403.76,,,,,,,
11/5/14,249.87,403.95,,,,,,,
11/6/14,250.11,404.04,,,,,,,
11/7/14,250.12,404.07,,,,,,,
11/10/14,251.22,405.83,,,,,,,
11/11/14,251.66,406.55,,,,,,,
11/12/14,252.06,407.15,,,,,,,
11/13/14,252.94,408.56,,,,,,,
11/14/14,254.69,411.38,,,,,,,
11/17/14,253.84,410.01,,,,,,,
11/18/14,255.02,411.65,,,,,,,
11/19/14,253.31,408.87,,,,,,,
11/20/14,254.83,411.31,,,,,,,
11/21/14,255.52,412.42,,,,,,,
11/24/14,257.23,415.19,,,,,,,
11/25/14,257.63,415.81,,,,,,,
11/26/14,259.65,419,,,,,,,
11/28/14,260.43,420.25,,,,,,,
12/1/14,257.49,415.49,,,,,,,
12/2/14,258.46,417.07,,,,,,,
12/3/14,259.55,418.8,,,,,,,
12/4/14,259.82,419.25,,,,,,,
12/5/14,259.75,419.12,,,,,,,
12/8/14,256.51,413.86,,,,,,,
12/9/14,257.83,416,,,,,,,
12/10/14,253.48,408.94,,,,,,,
12/11/14,254.89,411.22,,,,,,,
12/12/14,251.14,405.14,,,,,,,
12/15/14,249.73,402.88,,,,,,,
12/16/14,246.17,397.13,,,,,,,
12/17/14,251.04,404.97,,,,,,,
12/18/14,258.08,416.34,,,,,,,
12/19/14,258.72,417.36,,,,,,,
12/22/14,261.57,421.96,,,,,,,
12/23/14,262.27,423.08,,,,,,,
12/24/14,262.24,423.04,,,,,,,
12/26/14,263.19,424.58,,,,,,,
12/29/14,261.92,422.52,,,,,,,
12/30/14,260.25,419.79,,,,,,,
12/31/14,257.64,415.58,,,,,,,
1/2/15,257.38,415.05,,,,,,,
1/5/15,252.88,407.76,,,,,,,
1/6/15,249.36,402.09,,,,,,,
1/7/15,251.35,405.27,,,,,,,
1/8/15,256.64,413.79,,,,,,,
1/9/15,255.63,412.17,,,,,,,
1/12/15,252.56,407.22,,,,,,,
1/13/15,252.39,406.95,,,,,,,
1/14/15,251.05,404.78,,,,,,,
1/15/15,247.18,398.55,,,,,,,
1/16/15,250.19,403.39,,,,,,,
1/20/15,251.58,405.63,,,,,,,
1/21/15,252.44,407.02,,,,,,,
1/22/15,257.3,414.86,,,,,,,
1/23/15,257.95,415.9,,,,,,,
1/26/15,257.15,414.62,,,,,,,
1/27/15,250.08,403.21,,,,,,,
1/28/15,248.33,400.36,,,,,,,
1/29/15,250.59,404,,,,,,,
1/30/15,248.35,400.38,,,,,,,
2/2/15,250.78,404.29,,,,,,,
2/3/15,254.01,409.5,,,,,,,
2/4/15,254.21,409.7,,,,,,,
2/5/15,256.97,414,,,,,,,
2/6/15,255.95,412.23,,,,,,,
2/9/15,255.18,410.99,,,,,,,
2/10/15,258.9,416.97,,,,,,,
2/11/15,259.63,418.12,,,,,,,
2/12/15,263.97,425.09,,,,,,,
2/13/15,266.07,428.46,,,,,,,
2/17/15,265.94,428,,,,,,,
2/18/15,266.27,428.52,,,,,,,
2/19/15,267.89,431.12,,,,,,,
2/20/15,269.63,433.93,,,,,,,
2/23/15,269.02,432.95,,,,,,,
2/24/15,269.84,434.25,,,,,,,
2/25/15,269.23,433.22,,,,,,,
2/26/15,270.61,435.43,,,,,,,
2/27/15,269.16,433.09,,,,,,,
3/2/15,272.15,437.82,,,,,,,
3/3/15,269.8,434.05,,,,,,,
3/4/15,268.82,432.46,,,,,,,
3/5/15,269.27,433.19,,,,,,,
3/6/15,265.81,427.61,,,,,,,
3/9/15,266.92,429.35,,,,,,,
3/10/15,261.24,420.21,,,,,,,
3/11/15,260.17,418.46,,,,,,,
3/12/15,261.74,420.98,,,,,,,
3/13/15,260.22,418.53,,,,,,,
3/16/15,263.28,423.45,,,,,,,
3/17/15,263,422.99,,,,,,,
3/18/15,266.25,428.21,,,,,,,
3/19/15,266.04,427.87,,,,,,,
3/20/15,267.99,431.01,,,,,,,
3/23/15,267.77,430.64,,,,,,,
3/24/15,267.08,429.53,,,,,,,
3/25/15,260,418.15,,,,,,,
3/26/15,259.87,417.93,,,,,,,
3/27/15,260.87,419.53,,,,,,,
3/30/15,263.48,423.71,,,,,,,
3/31/15,261.47,420.35,,,,,,,
4/1/15,260.16,418.24,,,,,,,
4/2/15,260.06,418.04,,,,,,,
4/6/15,262.47,421.91,,,,,,,
4/7/15,262.41,421.79,,,,,,,
4/8/15,263.73,423.84,,,,,,,
4/9/15,264.63,425.29,,,,,,,
4/10/15,265.7,427.01,,,,,,,
4/13/15,264.82,425.58,,,,,,,
4/14/15,264.06,424.37,,,,,,,
4/15/15,266.32,427.99,,,,,,,
4/16/15,266.24,427.88,,,,,,,
4/17/15,262.02,421.08,,,,,,,
4/20/15,266.4,428.12,,,,,,,
4/21/15,266.67,428.56,,,,,,,
4/22/15,269.09,432.44,,,,,,,
4/23/15,269.47,433.06,,,,,,,
4/24/15,272.6,438.1,,,,,,,
4/27/15,272.74,438.31,,,,,,,
4/28/15,273.03,438.74,,,,,,,
4/29/15,272.02,437.1,,,,,,,
4/30/15,267.96,430.58,,,,,,,
5/1/15,270.86,435.24,,,,,,,
5/4/15,271.02,435.5,,,,,,,
5/5/15,267.32,429.43,,,,,,,
5/6/15,265.56,426.48,,,,,,,
5/7/15,267.62,429.61,,,,,,,
5/8/15,271.32,435.55,,,,,,,
5/11/15,270.3,433.91,,,,,,,
5/12/15,268.87,431.61,,,,,,,
5/13/15,270.01,433.41,,,,,,,
5/14/15,274.24,440.18,,,,,,,
5/15/15,273.39,438.82,,,,,,,
5/18/15,274.57,440.71,,,,,,,
5/19/15,274,439.51,,,,,,,
5/20/15,273.96,439.43,,,,,,,
5/21/15,274.81,440.79,,,,,,,
5/22/15,274.59,440.44,,,,,,,
5/26/15,271.15,434.91,,,,,,,
5/27/15,275.67,442.09,,,,,,,
5/28/15,275.37,441.61,,,,,,,
5/29/15,273.51,438.63,,,,,,,
6/1/15,274.43,440.01,,,,,,,
6/2/15,273.96,439.27,,,,,,,
6/3/15,274.95,440.84,,,,,,,
6/4/15,272.24,436.5,,,,,,,
6/5/15,272.17,436.39,,,,,,,
6/8/15,268.73,430.81,,,,,,,
6/9/15,268.41,430.31,,,,,,,
6/10/15,272.7,437.16,,,,,,,
6/11/15,272.63,437.03,,,,,,,
6/12/15,270.74,433.99,,,,,,,
6/15/15,269.06,431.29,,,,,,,
6/16/15,270.78,434.04,,,,,,,
6/17/15,271.36,434.96,,,,,,,
6/18/15,273.95,439.11,,,,,,,
6/19/15,272.16,436.25,,,,,,,
6/22/15,273.82,438.91,,,,,,,
6/23/15,274.18,439.48,,,,,,,
6/24/15,272.36,436.56,,,,,,,
6/25/15,271.62,435.37,,,,,,,
6/26/15,268.98,431.13,,,,,,,
6/29/15,262.82,421.24,,,,,,,
6/30/15,263.56,422.42,,,,,,,
7/1/15,264.94,424.53,,,,,,,
7/2/15,265.27,425.05,,,,,,,
7/6/15,263.99,422.94,,,,,,,
7/7/15,264.21,423.29,,,,,,,
7/8/15,260.07,416.64,,,,,,,
7/9/15,260.09,416.66,,,,,,,
7/10/15,263.85,422.7,,,,,,,
7/13/15,267.95,429.26,,,,,,,
7/14/15,269.43,431.63,,,,,,,
7/15/15,269.01,430.96,,,,,,,
7/16/15,272.81,437.05,,,,,,,
7/17/15,276.85,443.52,,,,,,,
7/20/15,277.74,444.94,,,,,,,
7/21/15,276.7,443.27,,,,,,,
7/22/15,273.59,438.3,,,,,,,
7/23/15,272.84,437.09,,,,,,,
7/24/15,272.2,436.06,,,,,,,
7/27/15,269.57,431.86,,,,,,,
7/28/15,272.22,436.09,,,,,,,
7/29/15,273.99,438.9,,,,,,,
7/30/15,274.92,440.36,,,,,,,
7/31/15,274.03,438.94,,,,,,,
8/3/15,273.01,437.3,,,,,,,
8/4/15,272.22,436.02,,,,,,,
8/5/15,275.31,440.87,,,,,,,
8/6/15,272.25,435.68,,,,,,,
8/7/15,271.94,435.17,,,,,,,
8/10/15,275.48,440.83,,,,,,,
8/11/15,272.03,435.31,,,,,,,
8/12/15,272.83,436.56,,,,,,,
8/13/15,272.33,435.75,,,,,,,
8/14/15,273.67,437.88,,,,,,,
8/17/15,275.45,440.73,,,,,,,
8/18/15,273.8,437.82,,,,,,,
8/19/15,271.68,434.42,,,,,,,
8/20/15,264.33,422.67,,,,,,,
8/21/15,254.4,406.79,,,,,,,
8/24/15,244.86,391.52,,,,,,,
8/25/15,242.34,387.49,,,,,,,
8/26/15,254.63,407.1,,,,,,,
8/27/15,260.89,417.08,,,,,,,
8/28/15,261.61,418.23,,,,,,,
8/31/15,259.23,414.34,,,,,,,
9/1/15,250.92,401.07,,,,,,,
9/2/15,256.72,410.32,,,,,,,
9/3/15,256.92,410.64,,,,,,,
9/4/15,253.22,404.68,,,,,,,
9/8/15,260.29,415.98,,,,,,,
9/9/15,257.42,411.36,,,,,,,
9/10/15,259.69,414.99,,,,,,,
9/11/15,260.99,417.06,,,,,,,
9/14/15,259.76,415.07,,,,,,,
9/15/15,263.14,420.47,,,,,,,
9/16/15,264.86,423.2,,,,,,,
9/17/15,264,421.82,,,,,,,
9/18/15,260.62,416.42,,,,,,,
9/21/15,262.77,419.87,,,,,,,
9/22/15,258.6,413.2,,,,,,,
9/23/15,258.68,413.32,,,,,,,
9/24/15,258.42,412.91,,,,,,,
9/25/15,257.63,411.65,,,,,,,
9/28/15,251.11,401.22,,,,,,,
9/29/15,250.17,399.7,,,,,,,
9/30/15,256.19,409.3,,,,,,,
10/1/15,256.5,409.68,,,,,,,
10/2/15,260.72,416.44,,,,,,,
10/5/15,266.18,425.15,,,,,,,
10/6/15,266.21,425.2,,,,,,,
10/7/15,268.03,428.08,,,,,,,
10/8/15,269.45,430.34,,,,,,,
10/9/15,270.56,432.07,,,,,,,
10/12/15,271.25,433.16,,,,,,,
10/13/15,269.97,431.11,,,,,,,
10/14/15,269.92,430.97,,,,,,,
10/15/15,273.04,435.95,,,,,,,
10/16/15,274.14,437.71,,,,,,,
10/19/15,275.07,439.18,,,,,,,
10/20/15,273.38,436.49,,,,,,,
10/21/15,270.7,432.21,,,,,,,
10/22/15,276.77,441.91,,,,,,,
10/23/15,284.42,454.12,,,,,,,
10/26/15,284.5,454.24,,,,,,,
10/27/15,282.84,451.59,,,,,,,
10/28/15,287.07,458.31,,,,,,,
10/29/15,285.79,456.26,,,,,,,
10/30/15,284.73,454.55,,,,,,,
11/2/15,287.37,458.77,,,,,,,
11/3/15,288.9,461.2,,,,,,,
11/4/15,289.94,462.74,,,,,,,
11/5/15,289.52,461.91,,,,,,,
11/6/15,291.07,464.25,,,,,,,
11/9/15,287.59,458.7,,,,,,,
11/10/15,286.5,456.9,,,,,,,
11/11/15,286.78,457.35,,,,,,,
11/12/15,283.75,452.5,,,,,,,
11/13/15,278.12,443.52,,,,,,,
11/16/15,281.84,449.46,,,,,,,
11/17/15,281.96,449.31,,,,,,,
11/18/15,286.51,456.55,,,,,,,
11/19/15,287.42,457.99,,,,,,,
11/20/15,289.66,461.56,,,,,,,
11/23/15,288.77,460.13,,,,,,,
11/24/15,288.44,459.58,,,,,,,
11/25/15,288.08,459,,,,,,,
11/27/15,288.64,459.81,,,,,,,
11/30/15,288.41,459.44,,,,,,,
12/1/15,292.03,465.21,,,,,,,
12/2/15,290.47,462.71,,,,,,,
12/3/15,286.49,456.37,,,,,,,
12/4/15,292.58,466.07,,,,,,,
12/7/15,290.53,462.76,,,,,,,
12/8/15,290.16,462.17,,,,,,,
12/9/15,285.93,455.4,,,,,,,
12/10/15,286.54,456.38,,,,,,,
12/11/15,280.49,446.73,,,,,,,
12/14/15,282.51,449.93,,,,,,,
12/15/15,284.31,452.79,,,,,,,
12/16/15,288.36,459.23,,,,,,,
12/17/15,284.2,452.6,,,,,,,
12/18/15,278.88,444.13,,,,,,,
12/21/15,281.21,447.84,,,,,,,
12/22/15,283.05,450.78,,,,,,,
12/23/15,285.29,454.34,,,,,,,
12/24/15,285.11,454.06,,,,,,,
12/28/15,285.53,454.72,,,,,,,
12/29/15,289.35,460.79,,,,,,,
12/30/15,287.15,457.25,,,,,,,
12/31/15,283.17,450.91,,,,,,,
1/4/16,277.58,441.84,,,,,,,
1/5/16,276.47,440.08,,,,,,,
1/6/16,273.31,435.03,,,,,,,
1/7/16,264.79,421.45,,,,,,,
1/8/16,262.15,417.26,,,,,,,
1/11/16,263.55,419.49,,,,,,,
1/12/16,266.39,424.01,,,,,,,
1/13/16,258.11,410.82,,,,,,,
1/14/16,263.04,418.68,,,,,,,
1/15/16,254.92,405.74,,,,,,,
1/19/16,254.59,405.23,,,,,,,
1/20/16,253.06,402.78,,,,,,,
1/21/16,253.87,404.07,,,,,,,
1/22/16,260.52,414.66,,,,,,,
1/25/16,256.96,408.99,,,,,,,
1/26/16,259.49,413.02,,,,,,,
1/27/16,253.51,403.51,,,,,,,
1/28/16,257.55,409.87,,,,,,,
1/29/16,264.75,421.34,,,,,,,
2/1/16,265.3,422.21,,,,,,,
2/2/16,259.13,412.39,,,,,,,
2/3/16,257.88,410.27,,,,,,,
2/4/16,258.86,411.66,,,,,,,
2/5/16,248.39,394.98,,,,,,,
2/8/16,243.16,386.55,,,,,,,
2/9/16,242.09,384.84,,,,,,,
2/10/16,243.64,387.29,,,,,,,
2/11/16,243.67,387.32,,,,,,,
2/12/16,247.04,392.69,,,,,,,
2/16/16,252.52,401.12,,,,,,,
2/17/16,259.04,411.45,,,,,,,
2/18/16,257.54,409.06,,,,,,,
2/19/16,258.82,411.08,,,,,,,
2/22/16,262.98,417.69,,,,,,,
2/23/16,258.58,410.67,,,,,,,
2/24/16,260.82,414.19,,,,,,,
2/25/16,264,419.24,,,,,,,
2/26/16,263.71,418.76,,,,,,,
2/29/16,262.28,416.41,,,,,,,
3/1/16,270.29,429.12,,,,,,,
3/2/16,270.85,430.01,,,,,,,
3/3/16,270.89,430.08,,,,,,,
3/4/16,271.67,431.32,,,,,,,
3/7/16,269.83,428.35,,,,,,,
3/8/16,267.22,424.2,,,,,,,
3/9/16,269.63,427.99,,,,,,,
3/10/16,269,426.98,,,,,,,
3/11/16,273.97,434.87,,,,,,,
3/14/16,274.12,435.1,,,,,,,
3/15/16,274.44,435.59,,,,,,,
3/16/16,277.19,439.94,,,,,,,
3/17/16,278.2,441.54,,,,,,,
3/18/16,279.04,442.88,,,,,,,
3/21/16,279.85,444.16,,,,,,,
3/22/16,280.02,444.43,,,,,,,
3/23/16,278.16,441.47,,,,,,,
3/24/16,278.99,442.78,,,,,,,
3/28/16,278.35,441.75,,,,,,,
3/29/16,283.06,449.22,,,,,,,
3/30/16,284.73,451.83,,,,,,,
3/31/16,284.46,451.4,,,,,,,
4/1/16,286.71,454.97,,,,,,,
4/4/16,284.9,451.97,,,,,,,
4/5/16,281.96,447.3,,,,,,,
4/6/16,285.24,452.48,,,,,,,
4/7/16,281.13,445.94,,,,,,,
4/8/16,281.33,446.27,,,,,,,
4/11/16,280.53,445,,,,,,,
4/12/16,282.08,447.4,,,,,,,
4/13/16,286.61,454.51,,,,,,,
4/14/16,286.44,454.24,,,,,,,
4/15/16,285.63,452.95,,,,,,,
4/18/16,287.31,455.62,,,,,,,
4/19/16,285.09,452.1,,,,,,,
4/20/16,286.16,453.81,,,,,,,
4/21/16,285.91,453.4,,,,,,,
4/22/16,281.89,447.03,,,,,,,
4/25/16,281.39,446.24,,,,,,,
4/26/16,280.73,445.19,,,,,,,
4/27/16,279.57,443.35,,,,,,,
4/28/16,276.11,437.82,,,,,,,
4/29/16,275.45,436.77,,,,,,,
5/2/16,277.86,440.6,,,,,,,
5/3/16,274.87,435.85,,,,,,,
5/4/16,273.38,433.37,,,,,,,
5/5/16,273.06,432.64,,,,,,,
5/6/16,275.3,436.04,,,,,,,
5/9/16,275.49,436.33,,,,,,,
5/10/16,279.7,443,,,,,,,
5/11/16,278.26,440.68,,,,,,,
5/12/16,277.33,439.19,,,,,,,
5/13/16,276.35,437.64,,,,,,,
5/16/16,279.55,442.7,,,,,,,
5/17/16,276.51,437.63,,,,,,,
5/18/16,277.86,439.76,,,,,,,
5/19/16,276.32,437.31,,,,,,,
5/20/16,279.81,442.84,,,,,,,
5/23/16,279.45,442.26,,,,,,,
5/24/16,285.26,451.42,,,,,,,
5/25/16,287.2,454.46,,,,,,,
5/26/16,288.05,455.79,,,,,,,
5/27/16,289.68,458.27,,,,,,,
5/31/16,290.38,459.38,,,,,,,
6/1/16,290.22,459.12,,,,,,,
6/2/16,290.68,459.85,,,,,,,
6/3/16,289.51,458,,,,,,,
6/6/16,290.77,459.96,,,,,,,
6/7/16,291.09,460.48,,,,,,,
6/8/16,291.98,461.86,,,,,,,
6/9/16,291.54,461.16,,,,,,,
6/10/16,287.89,455.37,,,,,,,
6/13/16,285.56,451.66,,,,,,,
6/14/16,286.05,452.41,,,,,,,
6/15/16,285.38,451.33,,,,,,,
6/16/16,286.03,452.36,,,,,,,
6/17/16,283.67,448.62,,,,,,,
6/20/16,285.73,451.88,,,,,,,
6/21/16,287.15,454.12,,,,,,,
6/22/16,285.78,451.95,,,,,,,
6/23/16,290.44,459.32,,,,,,,
6/24/16,277.56,438.95,,,,,,,
6/27/16,270.45,427.71,,,,,,,
6/28/16,276.02,436.51,,,,,,,
6/29/16,280.85,444.11,,,,,,,
6/30/16,283.83,448.82,,,,,,,
7/1/16,284.57,449.94,,,,,,,
7/5/16,282.71,446.86,,,,,,,
7/6/16,284.24,449.27,,,,,,,
7/7/16,285.05,450.54,,,,,,,
7/8/16,290.17,458.63,,,,,,,
7/11/16,292.03,461.56,,,,,,,
7/12/16,294.68,465.76,,,,,,,
7/13/16,294.23,465.05,,,,,,,
7/14/16,296.13,468.04,,,,,,,
7/15/16,295.54,467.1,,,,,,,
7/18/16,297.3,469.89,,,,,,,
7/19/16,296.66,468.87,,,,,,,
7/20/16,300.76,475.36,,,,,,,
7/21/16,299.03,472.62,,,,,,,
7/22/16,300.75,475.35,,,,,,,
7/25/16,300.62,475.13,,,,,,,
7/26/16,302.02,477.35,,,,,,,
7/27/16,303.28,479.34,,,,,,,
7/28/16,304.6,481.37,,,,,,,
7/29/16,304.94,481.9,,,,,,,
8/1/16,306.15,483.83,,,,,,,
8/2/16,303.26,479.25,,,,,,,
8/3/16,304.37,480.87,,,,,,,
8/4/16,305.96,483.16,,,,,,,
8/5/16,309.56,488.84,,,,,,,
8/8/16,309.38,488.43,,,,,,,
8/9/16,309.94,489.31,,,,,,,
8/10/16,309.07,487.93,,,,,,,
8/11/16,310.29,489.84,,,,,,,
8/12/16,310.2,489.7,,,,,,,
8/15/16,311.52,491.78,,,,,,,
8/16/16,309.87,488.89,,,,,,,
8/17/16,309.64,488.49,,,,,,,
8/18/16,310.16,489.31,,,,,,,
8/19/16,310.67,490.11,,,,,,,
8/22/16,310.61,490,,,,,,,
8/23/16,311.97,492.12,,,,,,,
8/24/16,310.24,489.36,,,,,,,
8/25/16,310.94,490.46,,,,,,,
8/26/16,311.58,491.49,,,,,,,
8/29/16,312.57,492.94,,,,,,,
8/30/16,312.01,492.05,,,,,,,
8/31/16,311.52,491.28,,,,,,,
9/1/16,312.79,493.28,,,,,,,
9/2/16,314.02,495.22,,,,,,,
9/6/16,315.79,498,,,,,,,
9/7/16,316.26,498.71,,,,,,,
9/8/16,314.09,495.29,,,,,,,
9/9/16,306.46,483.25,,,,,,,
9/12/16,311.43,491.06,,,,,,,
9/13/16,308.55,486.51,,,,,,,
9/14/16,309.71,488.33,,,,,,,
9/15/16,314.54,495.92,,,,,,,
9/16/16,313.85,494.82,,,,,,,
9/19/16,313.51,494.27,,,,,,,
9/20/16,313.51,494.26,,,,,,,
9/21/16,317.06,499.85,,,,,,,
9/22/16,319.26,503.32,,,,,,,
9/23/16,316.78,499.41,,,,,,,
9/26/16,314.66,496.07,,,,,,,
9/27/16,318.54,502.18,,,,,,,
9/28/16,319.91,504.32,,,,,,,
9/29/16,318.28,501.75,,,,,,,
9/30/16,320.26,504.88,,,,,,,
10/3/16,319.49,503.52,,,,,,,
10/4/16,318.81,502.45,,,,,,,
10/5/16,320.71,505.42,,,,,,,
10/6/16,320.91,505.73,,,,,,,
10/7/16,319.88,504.05,,,,,,,
10/10/16,321.5,506.6,,,,,,,
10/11/16,317.14,499.73,,,,,,,
10/12/16,317.13,499.71,,,,,,,
10/13/16,315.12,496.55,,,,,,,
10/14/16,316.14,498.15,,,,,,,
10/17/16,315.02,496.38,,,,,,,
10/18/16,317.64,500.52,,,,,,,
10/19/16,318.07,501.11,,,,,,,
10/20/16,317.17,499.69,,,,,,,
10/21/16,319.11,502.75,,,,,,,
10/24/16,323.08,509.01,,,,,,,
10/25/16,321.71,506.85,,,,,,,
10/26/16,320.09,504.3,,,,,,,
10/27/16,318.6,501.94,,,,,,,
10/28/16,317.75,500.6,,,,,,,
10/31/16,318.25,501.38,,,,,,,
11/1/16,315.83,497.57,,,,,,,
11/2/16,312.82,492.82,,,,,,,
11/3/16,310.76,489.17,,,,,,,
11/4/16,309.49,487.16,,,,,,,
11/7/16,317.14,499.21,,,,,,,
11/8/16,318.82,501.72,,,,,,,
11/9/16,317.98,500.39,,,,,,,
11/10/16,312.86,492.33,,,,,,,
11/11/16,314.6,495.06,,,,,,,
11/14/16,309.93,487.7,,,,,,,
11/15/16,314.32,494.3,,,,,,,
11/16/16,316.85,498.22,,,,,,,
11/17/16,319.33,502.12,,,,,,,
11/18/16,318.94,501.5,,,,,,,
11/21/16,322.36,506.87,,,,,,,
11/22/16,322.88,507.67,,,,,,,
11/23/16,321.59,505.63,,,,,,,
11/25/16,322.67,507.32,,,,,,,
11/28/16,321.72,505.75,,,,,,,
11/29/16,321.99,506.16,,,,,,,
11/30/16,318.32,500.36,,,,,,,
12/1/16,311.1,489.02,,,,,,,
12/2/16,312.21,490.76,,,,,,,
12/5/16,316.1,496.87,,,,,,,
12/6/16,317.2,498.59,,,,,,,
12/7/16,322.73,507.26,,,,,,,
12/8/16,324.02,509.3,,,,,,,
12/9/16,325.49,511.6,,,,,,,
12/12/16,323.8,508.9,,,,,,,
12/13/16,327.58,514.81,,,,,,,
12/14/16,326.38,512.87,,,,,,,
12/15/16,327.32,514.34,,,,,,,
12/16/16,324.9,510.53,,,,,,,
12/19/16,326.85,513.59,,,,,,,
12/20/16,328.1,515.55,,,,,,,
12/21/16,327.35,514.36,,,,,,,
12/22/16,325.9,512.08,,,,,,,
12/23/16,326.17,512.52,,,,,,,
12/27/16,328.02,515.4,,,,,,,
12/28/16,325.02,510.68,,,,,,,
12/29/16,324.83,510.38,,,,,,,
12/30/16,321.55,505.23,,,,,,,
1/3/17,324.3,509.5,,,,,,,
1/4/17,326.3,512.49,,,,,,,
1/5/17,327.29,514.04,,,,,,,
1/6/17,330.36,518.84,,,,,,,
1/9/17,330.84,519.6,,,,,,,
1/10/17,330.81,519.55,,,,,,,
1/11/17,332.87,522.79,,,,,,,
1/12/17,332.39,522.03,,,,,,,
1/13/17,333.84,524.3,,,,,,,
1/17/17,331.79,521.09,,,,,,,
1/18/17,332.9,522.82,,,,,,,
1/19/17,332.26,521.82,,,,,,,
1/20/17,333.83,524.29,,,,,,,
1/23/17,334.04,524.62,,,,,,,
1/24/17,337.83,530.58,,,,,,,
1/25/17,341.46,536.27,,,,,,,
1/26/17,340.68,535.05,,,,,,,
1/27/17,341.76,536.7,,,,,,,
1/30/17,339.13,532.55,,,,,,,
1/31/17,337.34,529.73,,,,,,,
2/1/17,338.97,532.3,,,,,,,
2/2/17,339.37,532.91,,,,,,,
2/3/17,341.25,535.74,,,,,,,
2/6/17,341.36,535.9,,,,,,,
2/7/17,342.69,537.99,,,,,,,
2/8/17,343.43,539.03,,,,,,,
2/9/17,344.92,541.14,,,,,,,
2/10/17,345.96,542.76,,,,,,,
2/13/17,347.9,545.8,,,,,,,
2/14/17,348.74,546.83,,,,,,,
2/15/17,350.46,549.49,,,,,,,
2/16/17,350.97,550.28,,,,,,,
2/17/17,351.93,551.78,,,,,,,
2/21/17,354.08,555.14,,,,,,,
2/22/17,354.53,555.8,,,,,,,
2/23/17,353.6,554.34,,,,,,,
2/24/17,354.09,555.09,,,,,,,
2/27/17,354.14,555.07,,,,,,,
2/28/17,352.29,552.15,,,,,,,
3/1/17,357,559.53,,,,,,,
3/2/17,354.42,555.5,,,,,,,
3/3/17,354.91,556.26,,,,,,,
3/6/17,354.26,555.2,,,,,,,
3/7/17,354.55,555.66,,,,,,,
3/8/17,355.02,556.36,,,,,,,
3/9/17,354.97,556.29,,,,,,,
3/10/17,356.65,558.91,,,,,,,
3/13/17,357.41,560.08,,,,,,,
3/14/17,356.41,558.5,,,,,,,
3/15/17,358.58,561.89,,,,,,,
3/16/17,359.45,563.21,,,,,,,
3/17/17,359.72,563.62,,,,,,,
3/20/17,359.86,563.82,,,,,,,
3/21/17,354,554.63,,,,,,,
3/22/17,356.53,558.6,,,,,,,
3/23/17,355.68,557.27,,,,,,,
3/24/17,355.97,557.73,,,,,,,
3/27/17,356.42,558.42,,,,,,,
3/28/17,358.7,561.97,,,,,,,
3/29/17,359.95,563.9,,,,,,,
3/30/17,360.55,564.84,,,,,,,
3/31/17,360.51,564.78,,,,,,,
4/3/17,359.68,563.47,,,,,,,
4/4/17,359.81,563.53,,,,,,,
4/5/17,358.58,561.58,,,,,,,
4/6/17,358.63,561.64,,,,,,,
4/7/17,358.4,561.28,,,,,,,
4/10/17,358.44,561.28,,,,,,,
4/11/17,357.3,559.42,,,,,,,
4/12/17,355.43,556.49,,,,,,,
4/13/17,353.69,553.77,,,,,,,
4/17/17,357.64,559.95,,,,,,,
4/18/17,357.6,559.88,,,,,,,
4/19/17,357.5,559.72,,,,,,,
4/20/17,360.78,564.87,,,,,,,
4/21/17,360.43,564.32,,,,,,,
4/24/17,365.21,571.8,,,,,,,
4/25/17,367.49,575.37,,,,,,,
4/26/17,366.74,574.19,,,,,,,
4/27/17,369.4,578.31,,,,,,,
4/28/17,370.04,579.31,,,,,,,
5/1/17,373.44,584.63,,,,,,,
5/2/17,374.26,585.92,,,,,,,
5/3/17,373.52,584.61,,,,,,,
5/4/17,374.07,585.48,,,,,,,
5/5/17,375.21,587.26,,,,,,,
5/8/17,376.34,588.87,,,,,,,
5/9/17,377.02,589.94,,,,,,,
5/10/17,378.36,592.04,,,,,,,
5/11/17,377.61,590.64,,,,,,,
5/12/17,378.71,592.33,,,,,,,
5/15/17,381.05,596,,,,,,,
5/16/17,383.35,599.3,,,,,,,
5/17/17,372.65,582.55,,,,,,,
5/18/17,374.67,585.7,,,,,,,
5/19/17,376.76,588.95,,,,,,,
5/22/17,380.64,595,,,,,,,
5/23/17,380.88,595.35,,,,,,,
5/24/17,383.11,598.82,,,,,,,
5/25/17,386.34,603.87,,,,,,,
5/26/17,386.53,604.06,,,,,,,
5/30/17,387.45,605.47,,,,,,,
5/31/17,386.63,604.19,,,,,,,
6/1/17,388.51,607.13,,,,,,,
6/2/17,392.1,612.74,,,,,,,
6/5/17,392.52,613.36,,,,,,,
6/6/17,391.56,611.87,,,,,,,
6/7/17,392.51,613.31,,,,,,,
6/8/17,394.22,615.97,,,,,,,
6/9/17,383.6,599.37,,,,,,,
6/12/17,380.58,594.61,,,,,,,
6/13/17,384.04,600,,,,,,,
6/14/17,382.08,596.92,,,,,,,
6/15/17,380.08,593.75,,,,,,,
6/16/17,380.33,594.14,,,,,,,
6/19/17,385.96,602.91,,,,,,,
6/20/17,383,598.29,,,,,,,
6/21/17,385.7,602.5,,,,,,,
6/22/17,386.18,603.26,,,,,,,
6/23/17,388.92,607.54,,,,,,,
6/26/17,386.72,604.1,,,,,,,
6/27/17,380.12,593.79,,,,,,,
6/28/17,385.32,601.89,,,,,,,
6/29/17,378.42,591.1,,,,,,,
6/30/17,377.82,590.16,,,,,,,
7/3/17,374.39,584.81,,,,,,,
7/5/17,378.43,590.93,,,,,,,
7/6/17,375.2,585.87,,,,,,,
7/7/17,380.32,593.87,,,,,,,
7/10/17,383.4,598.68,,,,,,,
7/11/17,384.79,600.85,,,,,,,
7/12/17,390.11,609.15,,,,,,,
7/13/17,390.67,610.03,,,,,,,
7/14/17,393.73,614.8,,,,,,,
7/17/17,393.99,615.15,,,,,,,
7/18/17,396.83,619.59,,,,,,,
7/19/17,399.26,623.38,,,,,,,
7/20/17,399.53,623.8,,,,,,,
7/21/17,399,622.97,,,,,,,
7/24/17,400.27,624.97,,,,,,,
7/25/17,400.15,624.78,,,,,,,
7/26/17,401.34,626.63,,,,,,,
7/27/17,397.99,621.35,,,,,,,
7/28/17,396.97,619.74,,,,,,,
7/31/17,394.2,615.41,,,,,,,
8/1/17,396.26,618.63,,,,,,,
8/2/17,395.83,617.96,,,,,,,
8/3/17,394.92,616.39,,,,,,,
8/4/17,395.5,617.3,,,,,,,
8/7/17,397.6,620.57,,,,,,,
8/8/17,396.6,618.85,,,,,,,
8/9/17,395.56,617.24,,,,,,,
8/10/17,387.08,603.78,,,,,,,
8/11/17,389.97,608.28,,,,,,,
8/14/17,396.17,617.95,,,,,,,
8/15/17,396.57,618.29,,,,,,,
8/16/17,397.77,620.13,,,,,,,
8/17/17,389.86,607.78,,,,,,,
8/18/17,389.67,607.48,,,,,,,
8/21/17,389.37,607.01,,,,,,,
8/22/17,394.92,615.63,,,,,,,
8/23/17,393.98,614.13,,,,,,,
8/24/17,393.74,613.77,,,,,,,
8/25/17,393,612.61,,,,,,,
8/28/17,393.93,613.96,,,,,,,
8/29/17,395.5,616.38,,,,,,,
8/30/17,399.4,622.45,,,,,,,
8/31/17,402.7,627.59,,,,,,,
9/1/17,402.63,627.48,,,,,,,
9/5/17,399.09,621.96,,,,,,,
9/6/17,399.87,623.18,,,,,,,
9/7/17,402.11,626.61,,,,,,,
9/8/17,398.84,621.51,,,,,,,
9/11/17,404.83,630.84,,,,,,,
9/12/17,405.91,632.48,,,,,,,
9/13/17,405.78,632.28,,,,,,,
9/14/17,404.41,630.1,,,,,,,
9/15/17,405.24,631.38,,,,,,,
9/18/17,405.48,631.71,,,,,,,
9/19/17,406.68,633.57,,,,,,,
9/20/17,405.31,631.42,,,,,,,
9/21/17,403.38,628.42,,,,,,,
9/22/17,403.86,629.17,,,,,,,
9/25/17,397.7,619.57,,,,,,,
9/26/17,398.52,620.85,,,,,,,
9/27/17,403.37,628.4,,,,,,,
9/28/17,404.13,629.56,,,,,,,
9/29/17,406.97,633.98,,,,,,,
10/2/17,407.79,635.26,,,,,,,
10/3/17,408.79,636.81,,,,,,,
10/4/17,409.14,637.21,,,,,,,
10/5/17,413.3,643.66,,,,,,,
10/6/17,414.9,646.14,,,,,,,
10/9/17,415.6,647.23,,,,,,,
10/10/17,415.6,647.17,,,,,,,
10/11/17,417.34,649.87,,,,,,,
10/12/17,417.81,650.61,,,,,,,
10/13/17,419.78,653.68,,,,,,,
10/16/17,420.7,655.11,,,,,,,
10/17/17,420.55,654.87,,,,,,,
10/18/17,421.58,656.38,,,,,,,
10/19/17,420.4,654.55,,,,,,,
10/20/17,423.04,658.66,,,,,,,
10/23/17,420.99,655.47,,,,,,,
10/24/17,422.63,658.03,,,,,,,
10/25/17,420.97,655.44,,,,,,,
10/26/17,422.58,657.95,,,,,,,
10/27/17,435.29,677.74,,,,,,,
10/30/17,436.23,679.13,,,,,,,
10/31/17,437.75,681.49,,,,,,,
11/1/17,437.81,681.57,,,,,,,
11/2/17,437.65,681.32,,,,,,,
11/3/17,440.82,686.25,,,,,,,
11/6/17,442.62,688.92,,,,,,,
11/7/17,441.46,687.12,,,,,,,
11/8/17,443.91,690.92,,,,,,,
11/9/17,440.22,685.05,,,,,,,
11/10/17,440.38,685.08,,,,,,,
11/13/17,440.6,685.43,,,,,,,
11/14/17,440.55,685.32,,,,,,,
11/15/17,437.2,679.79,,,,,,,
11/16/17,443.12,688.94,,,,,,,
11/17/17,441.02,685.66,,,,,,,
11/20/17,442.51,687.97,,,,,,,
11/21/17,447.66,695.98,,,,,,,
11/22/17,446.78,694.56,,,,,,,
11/24/17,449.91,699.43,,,,,,,
11/27/17,449.81,699.28,,,,,,,
11/28/17,451.11,701.2,,,,,,,
11/29/17,439.2,682.67,,,,,,,
11/30/17,443.09,688.68,,,,,,,
12/1/17,440.29,684.32,,,,,,,
12/4/17,431.44,670.57,,,,,,,
12/5/17,432.36,671.98,,,,,,,
12/6/17,435.33,676.59,,,,,,,
12/7/17,438.5,681.48,,,,,,,
12/8/17,440.28,684.25,,,,,,,
12/11/17,443.16,688.73,,,,,,,
12/12/17,441.95,686.81,,,,,,,
12/13/17,442.36,687.46,,,,,,,
12/14/17,442.36,687.43,,,,,,,
12/15/17,447.41,695.26,,,,,,,
12/18/17,451.19,701.06,,,,,,,
12/19/17,449.14,697.85,,,,,,,
12/20/17,448.64,697.07,,,,,,,
12/21/17,447.3,694.98,,,,,,,
12/22/17,446.6,693.9,,,,,,,
12/26/17,444.4,690.47,,,,,,,
12/27/17,445.22,691.75,,,,,,,
12/28/17,446.04,693,,,,,,,
12/29/17,443.04,688.34,,,,,,,
1/2/18,449.62,698.56,,,,,,,
1/3/18,455.02,706.94,,,,,,,
1/4/18,457.25,710.25,,,,,,,
1/5/18,462.54,718.47,,,,,,,
1/8/18,465.27,722.68,,,,,,,
1/9/18,464.12,720.83,,,,,,,
1/10/18,463.01,719.1,,,,,,,
1/11/18,466.52,724.55,,,,,,,
1/12/18,469.83,729.7,,,,,,,
1/16/18,467.84,726.61,,,,,,,
1/17/18,473.92,736.04,,,,,,,
1/18/18,474.57,737.05,,,,,,,
1/19/18,475.75,738.88,,,,,,,
1/22/18,480.4,746.11,,,,,,,
1/23/18,484.86,753.03,,,,,,,
1/24/18,481.28,747.47,,,,,,,
1/25/18,481.4,747.67,,,,,,,
1/26/18,489.54,760.3,,,,,,,
1/29/18,486.66,755.82,,,,,,,
1/30/18,482.66,749.56,,,,,,,
1/31/18,485.56,754.04,,,,,,,
2/1/18,483.85,751.39,,,,,,,
2/2/18,473.25,734.93,,,,,,,
2/5/18,454.9,706.42,,,,,,,
2/6/18,466.9,724.9,,,,,,,
2/7/18,461.81,717,,,,,,,
2/8/18,442.53,686.93,,,,,,,
2/9/18,451.18,700.14,,,,,,,
2/12/18,459.39,712.88,,,,,,,
2/13/18,461.45,716.07,,,,,,,
2/14/18,471.17,730.84,,,,,,,
2/15/18,479.49,743.71,,,,,,,
2/16/18,478.18,741.68,,,,,,,
2/20/18,480.02,744.51,,,,,,,
2/21/18,478.1,741.5,,,,,,,
2/22/18,478.07,741.43,,,,,,,
2/23/18,487.51,756.06,,,,,,,
2/26/18,494.56,766.98,,,,,,,
2/27/18,490.1,759.96,,,,,,,
2/28/18,487.72,756.24,,,,,,,
3/1/18,480.56,745.14,,,,,,,
3/2/18,485.85,753.34,,,,,,,
3/5/18,491.48,762.08,,,,,,,
3/6/18,493.94,765.88,,,,,,,
3/7/18,497.19,770.91,,,,,,,
3/8/18,498.95,773.58,,,,,,,
3/9/18,508.7,788.7,,,,,,,
3/12/18,510.34,791.24,,,,,,,
3/13/18,504.54,782.21,,,,,,,
3/14/18,505.13,783.1,,,,,,,
3/15/18,504.96,782.82,,,,,,,
3/16/18,504.44,782.01,,,,,,,
3/19/18,494.47,766.55,,,,,,,
3/20/18,496.34,769.42,,,,,,,
3/21/18,494.47,766.45,,,,,,,
3/22/18,481.32,746.07,,,,,,,
3/23/18,468.39,726.03,,,,,,,
3/26/18,486.08,753.45,,,,,,,
3/27/18,469.22,727.3,,,,,,,
3/28/18,462.88,717.42,,,,,,,
3/29/18,472.69,732.61,,,,,,,
4/2/18,459.39,712,,,,,,,
4/3/18,464.01,719.17,,,,,,,
4/4/18,470.03,728.33,,,,,,,
4/5/18,473.01,732.94,,,,,,,
4/6/18,461.15,714.55,,,,,,,
4/9/18,464.06,719.05,,,,,,,
4/10/18,475.4,736.61,,,,,,,
4/11/18,473.65,733.82,,,,,,,
4/12/18,479.66,743.12,,,,,,,
4/13/18,477.31,739.48,,,,,,,
4/16/18,480.51,744.38,,,,,,,
4/17/18,492.09,762.31,,,,,,,
4/18/18,492.09,762.32,,,,,,,
4/19/18,488,755.98,,,,,,,
4/20/18,481.38,745.73,,,,,,,
4/23/18,479.05,742.11,,,,,,,
4/24/18,469.03,726.59,,,,,,,
4/25/18,467.85,724.76,,,,,,,
4/26/18,478.75,741.65,,,,,,,
4/27/18,478.71,741.59,,,,,,,
4/30/18,476.57,738.28,,,,,,,
5/1/18,482.05,746.77,,,,,,,
5/2/18,480.96,745.07,,,,,,,
5/3/18,482.23,747.05,,,,,,,
5/4/18,490.34,759.4,,,,,,,
5/7/18,494.79,766.28,,,,,,,
5/8/18,496.21,768.46,,,,,,,
5/9/18,502.84,778.59,,,,,,,
5/10/18,507.69,786.1,,,,,,,
5/11/18,506.13,783.41,,,,,,,
5/14/18,505.7,782.72,,,,,,,
5/15/18,501.13,775.65,,,,,,,
5/16/18,503.4,778.86,,,,,,,
5/17/18,501.42,775.75,,,,,,,
5/18/18,499.48,772.73,,,,,,,
5/21/18,503.38,778.75,,,,,,,
5/22/18,501.74,776.21,,,,,,,
5/23/18,506.34,783.29,,,,,,,
5/24/18,506.16,782.99,,,,,,,
5/25/18,506.59,783.65,,,,,,,
5/29/18,503.86,779.33,,,,,,,
5/30/18,507.93,785.6,,,,,,,
5/31/18,507.92,785.56,,,,,,,
6/1/18,516.91,799.47,,,,,,,
6/4/18,521.29,806.25,,,,,,,
6/5/18,524.61,811.34,,,,,,,
6/6/18,527.36,815.61,,,,,,,
6/7/18,521.53,806.52,,,,,,,
6/8/18,521.92,807.12,,,,,,,
6/11/18,522.28,807.69,,,,,,,
6/12/18,525.75,813,,,,,,,
6/13/18,525.56,812.71,,,,,,,
6/14/18,529.56,818.86,,,,,,,
6/15/18,527.81,816.14,,,,,,,
6/18/18,529.32,818.48,,,,,,,
6/19/18,526.83,814.52,,,,,,,
6/20/18,529.16,818.12,,,,,,,
6/21/18,524.38,810.74,,,,,,,
6/22/18,521.56,806.37,,,,,,,
6/25/18,508.24,785.78,,,,,,,
6/26/18,511.48,790.8,,,,,,,
6/27/18,503.04,777.73,,,,,,,
6/28/18,509.33,787.43,,,,,,,
6/29/18,509.33,787.43,,,,,,,
7/2/18,514.68,795.7,,,,,,,
7/3/18,508.58,786.28,,,,,,,
7/5/18,515.69,797.09,,,,,,,
7/6/18,521.98,806.79,,,,,,,
7/9/18,526.62,813.94,,,,,,,
7/10/18,527.58,815.43,,,,,,,
7/11/18,525.74,812.59,,,,,,,
7/12/18,535.08,827.02,,,,,,,
7/13/18,534.32,825.85,,,,,,,
7/16/18,533.04,823.81,,,,,,,
7/17/18,537.05,830.01,,,,,,,
7/18/18,536.77,829.57,,,,,,,
7/19/18,534.04,825.35,,,,,,,
7/20/18,533.96,825.23,,,,,,,
7/23/18,535.72,827.94,,,,,,,
7/24/18,537.19,830.22,,,,,,,
7/25/18,545.43,842.95,,,,,,,
7/26/18,537.13,830.13,,,,,,,
7/27/18,527.43,815.14,,,,,,,
7/30/18,516.65,798.41,,,,,,,
7/31/18,518,800.47,,,,,,,
8/1/18,521.81,806.37,,,,,,,
8/2/18,529.43,818.14,,,,,,,
8/3/18,530.05,819.1,,,,,,,
8/6/18,534.43,825.71,,,,,,,
8/7/18,536.8,829.36,,,,,,,
8/8/18,538.44,831.89,,,,,,,
8/9/18,538.68,832.12,,,,,,,
8/10/18,534.85,825.94,,,,,,,
8/13/18,533.73,824.2,,,,,,,
8/14/18,537.14,829.45,,,,,,,
8/15/18,530.7,819.23,,,,,,,
8/16/18,531.73,820.77,,,,,,,
8/17/18,531.98,821.15,,,,,,,
8/20/18,532.11,821.34,,,,,,,
8/21/18,533.74,823.84,,,,,,,
8/22/18,537.06,828.94,,,,,,,
8/23/18,537.72,829.93,,,,,,,
8/24/18,544.14,839.85,,,,,,,
8/27/18,549.29,847.79,,,,,,,
8/28/18,550.57,849.77,,,,,,,
8/29/18,556.79,859.34,,,,,,,
8/30/18,555.37,857.11,,,,,,,
8/31/18,556.19,858.36,,,,,,,
9/4/18,555.63,857.39,,,,,,,
9/5/18,545.8,842.23,,,,,,,
9/6/18,541.68,835.86,,,,,,,
9/7/18,540.67,834.29,,,,,,,
9/10/18,542.25,836.73,,,,,,,
9/11/18,547.14,844.22,,,,,,,
9/12/18,545.87,842.26,,,,,,,
9/13/18,550.48,849.31,,,,,,,
9/14/18,550.62,849.51,,,,,,,
9/17/18,541.41,835.3,,,,,,,
9/18/18,546,842.29,,,,,,,
9/19/18,544.46,839.91,,,,,,,
9/20/18,550.4,849.06,,,,,,,
9/21/18,547.79,845.04,,,,,,,
9/24/18,550.1,848.61,,,,,,,
9/25/18,551.66,851,,,,,,,
9/26/18,550.5,849.21,,,,,,,
9/27/18,554.12,854.77,,,,,,,
9/28/18,554.61,855.53,,,,,,,
10/1/18,555.12,856.31,,,,,,,
10/2/18,552.6,852.42,,,,,,,
10/3/18,554.31,855.06,,,,,,,
10/4/18,543.32,837.93,,,,,,,
10/5/18,536.52,827.41,,,,,,,
10/8/18,529.61,816.76,,,,,,,
10/9/18,530,817.34,,,,,,,
10/10/18,504.05,777.33,,,,,,,
10/11/18,498.59,768.9,,,,,,,
10/12/18,513.44,791.8,,,,,,,
10/15/18,506.76,781.45,,,,,,,
10/16/18,522.83,806.23,,,,,,,
10/17/18,522.01,804.86,,,,,,,
10/18/18,509.78,786,,,,,,,
10/19/18,507.31,782.2,,,,,,,
10/22/18,511.33,788.39,,,,,,,
10/23/18,509.07,784.9,,,,,,,
10/24/18,484.67,747.29,,,,,,,
10/25/18,502.19,774.3,,,,,,,
10/26/18,489.08,754.09,,,,,,,
10/29/18,477.07,735.57,,,,,,,
10/30/18,484.09,746.31,,,,,,,
10/31/18,497.78,767.4,,,,,,,
11/1/18,505.08,778.64,,,,,,,
11/2/18,498.67,768.77,,,,,,,
11/5/18,495.96,764.59,,,,,,,
11/6/18,499.29,769.56,,,,,,,
11/7/18,514.88,793.6,,,,,,,
11/8/18,512.44,789.44,,,,,,,
11/9/18,502.75,774.5,,,,,,,
11/12/18,486.12,748.88,,,,,,,
11/13/18,486.7,749.76,,,,,,,
11/14/18,482.59,743.13,,,,,,,
11/15/18,492.79,758.76,,,,,,,
11/16/18,489.88,754.27,,,,,,,
11/19/18,469.41,722.75,,,,,,,
11/20/18,463.15,713.09,,,,,,,
11/21/18,467.56,719.85,,,,,,,
11/23/18,463.99,714.34,,,,,,,
11/26/18,476.05,732.9,,,,,,,
11/27/18,476.03,732.87,,,,,,,
11/28/18,493.11,759.12,,,,,,,
11/29/18,490.84,755.61,,,,,,,
11/30/18,496.2,763.86,,,,,,,
12/3/18,505.84,778.7,,,,,,,
12/4/18,485.56,747.44,,,,,,,
12/6/18,489.4,753.26,,,,,,,
12/7/18,472.95,727.94,,,,,,,
12/10/18,479.03,737.3,,,,,,,
12/11/18,479.73,738.36,,,,,,,
12/12/18,484.96,746.39,,,,,,,
12/13/18,484.51,745.61,,,,,,,
12/14/18,473.38,728.47,,,,,,,
12/17/18,460.84,709.17,,,,,,,
12/18/18,466.08,717.09,,,,,,,
12/19/18,456.13,701.77,,,,,,,
12/20/18,448.07,689.37,,,,,,,
12/21/18,432.46,665.35,,,,,,,
12/24/18,422.79,650.48,,,,,,,
12/26/18,449.72,691.9,,,,,,,
12/27/18,453.01,696.95,,,,,,,
12/28/18,452.37,695.96,,,,,,,
12/31/18,455.8,701.23,,,,,,,
1/2/19,458.08,704.74,,,,,,,
1/3/19,438.93,675.1,,,,,,,
1/4/19,458.87,705.77,,,,,,,
1/7/19,464.45,714.35,,,,,,,
1/8/19,469.77,722.5,,,,,,,
1/9/19,474.15,729.22,,,,,,,
1/10/19,476.11,732.23,,,,,,,
1/11/19,474.74,730.13,,,,,,,
1/14/19,470.62,723.79,,,,,,,
1/15/19,478.95,736.54,,,,,,,
1/16/19,479.17,736.89,,,,,,,
1/17/19,482.66,742.24,,,,,,,
1/18/19,489.34,752.51,,,,,,,
1/22/19,479.55,737.46,,,,,,,
1/23/19,480.43,738.81,,,,,,,
1/24/19,485.73,746.98,,,,,,,
1/25/19,493.13,758.36,,,,,,,
1/28/19,486.64,748.37,,,,,,,
1/29/19,480.75,739.32,,,,,,,
1/30/19,494.51,760.38,,,,,,,
1/31/19,500.99,770.34,,,,,,,
2/1/19,501.27,770.76,,,,,,,
2/4/19,508.43,781.76,,,,,,,
2/5/19,513.25,789.17,,,,,,,
2/6/19,512.22,787.42,,,,,,,
2/7/19,505.09,776.3,,,,,,,
2/8/19,507.39,779.56,,,,,,,
2/11/19,507.3,779.42,,,,,,,
2/12/19,515.01,791.27,,,,,,,
2/13/19,515.69,792.3,,,,,,,
2/14/19,516.2,793.02,,,,,,,
2/15/19,518.47,796.5,,,,,,,
2/19/19,519.32,797.81,,,,,,,
2/20/19,519.01,797.02,,,,,,,
2/21/19,517.39,794.5,,,,,,,
2/22/19,524.01,804.67,,,,,,,
2/25/19,526.36,808.26,,,,,,,
2/26/19,527.19,809.54,,,,,,,
2/27/19,527.13,809.42,,,,,,,
2/28/19,524.79,805.74,,,,,,,
3/1/19,529.38,812.8,,,,,,,
3/4/19,528.25,811.06,,,,,,,
3/5/19,528.43,811.34,,,,,,,
3/6/19,525.15,806.2,,,,,,,
3/7/19,519.52,797.51,,,,,,,
3/8/19,519.3,797.18,,,,,,,
3/11/19,530.68,814.64,,,,,,,
3/12/19,533.27,818.58,,,,,,,
3/13/19,536.72,823.87,,,,,,,
3/14/19,536.25,823.1,,,,,,,
3/15/19,540.53,829.66,,,,,,,
3/18/19,541.73,831.5,,,,,,,
3/19/19,544.12,835.14,,,,,,,
3/20/19,545.46,837.07,,,,,,,
3/21/19,556.52,854.04,,,,,,,
3/22/19,542.87,833.1,,,,,,,
3/25/19,541.58,831.11,,,,,,,
3/26/19,544.52,835.62,,,,,,,
3/27/19,540.21,828.96,,,,,,,
3/28/19,542.08,831.81,,,,,,,
3/29/19,546.9,839.21,,,,,,,
4/1/19,555.04,851.7,,,,,,,
4/2/19,557.26,855.1,,,,,,,
4/3/19,561.23,861.2,,,,,,,
4/4/19,559.34,858.11,,,,,,,
4/5/19,561.34,861.18,,,,,,,
4/8/19,563,863.69,,,,,,,
4/9/19,560.89,860.44,,,,,,,
4/10/19,564.91,866.43,,,,,,,
4/11/19,564.79,866.24,,,,,,,
4/12/19,568.46,871.87,,,,,,,
4/15/19,568.52,871.96,,,,,,,
4/16/19,570.8,875.46,,,,,,,
4/17/19,572.13,877.49,,,,,,,
4/18/19,572.66,878.32,,,,,,,
4/22/19,575.74,883.03,,,,,,,
4/23/19,583.35,894.71,,,,,,,
4/24/19,582.4,893.25,,,,,,,
4/25/19,583.86,895.5,,,,,,,
4/26/19,584.48,896.44,,,,,,,
4/29/19,585.79,898.45,,,,,,,
4/30/19,582.71,893.72,,,,,,,
5/1/19,578.96,887.98,,,,,,,
5/2/19,576.5,884.2,,,,,,,
5/3/19,583.79,895.3,,,,,,,
5/6/19,580.31,889.8,,,,,,,
5/7/19,568.98,872.44,,,,,,,
5/8/19,567.71,870.48,,,,,,,
5/9/19,563.92,864.51,,,,,,,
5/10/19,564.76,865.49,,,,,,,
5/13/19,544.17,833.94,,,,,,,
5/14/19,551.26,844.76,,,,,,,
5/15/19,559.34,856.84,,,,,,,
5/16/19,565.63,866.43,,,,,,,
5/17/19,559.47,856.99,,,,,,,
5/20/19,550.45,843.16,,,,,,,
5/21/19,556.57,852.52,,,,,,,
5/22/19,554.67,849.58,,,,,,,
5/23/19,544.29,833.65,,,,,,,
5/24/19,544.87,834.54,,,,,,,
5/28/19,544.76,834.37,,,,,,,
5/29/19,540.44,827.74,,,,,,,
5/30/19,542.82,831.31,,,,,,,
5/31/19,533.91,817.65,,,,,,,
6/3/19,519.34,795.35,,,,,,,
6/4/19,535.03,819.35,,,,,,,
6/5/19,540.3,827.35,,,,,,,
6/6/19,544.93,834.42,,,,,,,
6/7/19,555.53,850.66,,,,,,,
6/10/19,562.35,861.1,,,,,,,
6/11/19,562.41,861.13,,,,,,,
6/12/19,559.51,856.68,,,,,,,
6/13/19,562.1,860.56,,,,,,,
6/14/19,558.48,855.01,,,,,,,
6/17/19,561.27,859.28,,,,,,,
6/18/19,569.03,871.14,,,,,,,
6/19/19,571.6,875.07,,,,,,,
6/20/19,578.42,885.52,,,,,,,
6/21/19,576.5,882.46,,,,,,,
6/24/19,576.27,882.11,,,,,,,
6/25/19,565.48,865.59,,,,,,,
6/26/19,569.53,871.77,,,,,,,
6/27/19,572.24,875.9,,,,,,,
6/28/19,574.17,878.86,,,,,,,
7/1/19,581.86,890.63,,,,,,,
7/2/19,584.22,894.25,,,,,,,
7/3/19,588.45,900.53,,,,,,,
7/5/19,588.15,900.07,,,,,,,
7/8/19,584.07,893.79,,,,,,,
7/9/19,588.23,900.14,,,,,,,
7/10/19,593.37,908.01,,,,,,,
7/11/19,594.24,909.34,,,,,,,
7/12/19,598.81,916.32,,,,,,,
7/15/19,600.52,918.94,,,,,,,
7/16/19,596.28,912.39,,,,,,,
7/17/19,594.41,909.53,,,,,,,
7/18/19,597.12,913.67,,,,,,,
7/19/19,592.77,907.02,,,,,,,
7/22/19,599.25,916.93,,,,,,,
7/23/19,602.14,921.35,,,,,,,
7/24/19,607.25,929.18,,,,,,,
7/25/19,602.06,921.23,,,,,,,
7/26/19,609.74,932.98,,,,,,,
7/29/19,606.71,928.34,,,,,,,
7/30/19,602.88,922.4,,,,,,,
7/31/19,594.61,909.72,,,,,,,
8/1/19,591.45,904.89,,,,,,,
8/2/19,580.79,888.58,,,,,,,
8/5/19,557.9,853.56,,,,,,,
8/6/19,566.07,865.9,,,,,,,
8/7/19,569.57,871.24,,,,,,,
8/8/19,584.11,893.31,,,,,,,
8/9/19,576.77,881.8,,,,,,,
8/12/19,569.22,870.25,,,,,,,
8/13/19,581.51,889.04,,,,,,,
8/14/19,563.02,860.49,,,,,,,
8/15/19,563.36,860.97,,,,,,,
8/16/19,572.37,874.73,,,,,,,
8/19/19,580.46,887.1,,,,,,,
8/20/19,577.14,882.02,,,,,,,
8/21/19,583.7,892.01,,,,,,,
8/22/19,581.85,889.15,,,,,,,
8/23/19,564.01,861.88,,,,,,,
8/26/19,571.14,872.76,,,,,,,
8/27/19,570.41,871.64,,,,,,,
8/28/19,570.88,872.34,,,,,,,
8/29/19,580.52,887.03,,,,,,,
8/30/19,579.97,886.16,,,,,,,
9/3/19,573.36,876.05,,,,,,,
9/4/19,582.62,890.19,,,,,,,
9/5/19,594.96,909.04,,,,,,,
9/6/19,592.95,905.97,,,,,,,
9/9/19,589.34,900.45,,,,,,,
9/10/19,586.19,895.58,,,,,,,
9/11/19,591.82,904.11,,,,,,,
9/12/19,594.91,908.74,,,,,,,
9/13/19,592.11,904.44,,,,,,,
9/16/19,590.37,901.78,,,,,,,
9/17/19,592.57,905.14,,,,,,,
9/18/19,592.15,904.49,,,,,,,
9/19/19,593.46,906.49,,,,,,,
9/20/19,587.91,897.9,,,,,,,
9/23/19,587.88,897.85,,,,,,,
9/24/19,579.4,884.88,,,,,,,
9/25/19,586.95,896.41,,,,,,,
9/26/19,585.45,894.12,,,,,,,
9/27/19,577.11,881.38,,,,,,,
9/30/19,581.77,888.47,,,,,,,
10/1/19,576.63,880.62,,,,,,,
10/2/19,566.32,864.87,,,,,,,
10/3/19,574.03,876.44,,,,,,,
10/4/19,582.91,890.01,,,,,,,
10/7/19,580.72,886.67,,,,,,,
10/8/19,569.75,869.88,,,,,,,
10/9/19,577.2,881.17,,,,,,,
10/10/19,579.71,884.99,,,,,,,
10/11/19,588.12,897.83,,,,,,,
10/14/19,587.81,897.36,,,,,,,
10/15/19,595.92,909.74,,,,,,,
10/16/19,592.13,903.9,,,,,,,
10/17/19,592.52,904.49,,,,,,,
10/18/19,585.38,893.59,,,,,,,
10/21/19,591.49,902.92,,,,,,,
10/22/19,582.78,889.63,,,,,,,
10/23/19,584.06,891.58,,,,,,,
,,,,,,,,,
,,,,,,,,,
,,,,,,,,,
"Source: S&P Dow Jones Indices LLC.

The launch date of the S&P North American Technology Sector Index was May 4, 2007.

All information presented prior to the index launch date is back-tested. Back-tested performance is not actual performance, but is hypothetical. The back-test calculations are based on the same methodology that was in effect when the index was officially launched. Past performance is not an indication or guarantee of future results.  Please see the Performance Disclosure at http://www.spindices.com/regulatory-affairs-disclaimers/ for more information regarding the inherent limitations associated with back-tested performance.

Copyright  2019 S&P Dow Jones Indices LLC. All rights reserved. Redistribution or reproduction in whole or in part are prohibited without written permission. STANDARD & POORS and S&P are registered trademarks of Standard & Poors Financial Services LLC (S&P); DOW JONES is a registered trademark of Dow Jones Trademark Holdings LLC (Dow Jones); and these trademarks have been licensed for use by S&P Dow Jones Indices LLC. S&P Dow Jones Indices LLC, Dow Jones, S&P and their respective affiliates (S&P Dow Jones Indices) and third party licensors makes no representation or warranty, express or implied, as to the ability of any index to accurately represent the asset class or market sector that it purports to represent and S&P Dow Jones Indices and its third party licensors shall have no liability for any errors, omissions, or interruptions of any index or the data included therein. Past performance of an index is not an indication or guarantee of future results. This document does not constitute an offer of any services. Except for certain custom index calculation services, all information provided by S&P Dow Jones Indices is general in nature and not tailored to the needs of any person, entity or group of persons. S&P Dow Jones Indices receives compensation in connection with licensing its indices to third parties and providing custom calculation services. It is not possible to invest directly in an index. Exposure to an asset class represented by an index may be available through investable instruments offered by third parties that are based on that index. S&P Dow Jones Indices does not sponsor, endorse, sell, promote or manage any investment fund or other investment product or vehicle that seeks to provide an investment return based on the performance of any Index. S&P Dow Jones Indices LLC is not an investment or tax advisor. S&P Dow Jones Indices makes no representation regarding the advisability of investing in any such investment fund or other investment product or vehicle. A tax advisor should be consulted to evaluate the impact of any tax-exempt securities on portfolios and the tax consequences of making any particular investment decision. Credit-related information and other analyses, including ratings, are generally provided by licensors and/or affiliates of S&P Dow Jones Indices. Any credit-related information and other related analyses and statements are opinions as of the date they are expressed and are not statements of fact. S&P Dow Jones Indices LLC is analytically separate and independent from any other analytical department. For more information on any of our indices please visit www.spdji.com.",,,,,,,,,
,,,,,,,,,
,,,,,,,,,
,,,,,,,,,
,,,,,,,,,
,,,,,,,,,
,,,,,,,,,
,,,,,,,,,
,,,,,,,,,
,,,,,,,,,
,,,,,,,,,
,,,,,,,,,
,,,,,,,,,
,,,,,,,,,
,,,,,,,,,
,,,,,,,,,
,,,,,,,,,
,,,,,,,,,
,,,,,,,,,
,,,,,,,,,
,,,,,,,,,
,,,,,,,,,
,,,,,,,,,
,,,,,,,,,
,,,,,,,,,
,,,,,,,,,
,,,,,,,,,
,,,,,,,,,
,,,,,,,,,
,,,,,,,,,
,,,,,,,,,
,,,,,,,,,
,,,,,,,,,
,,,,,,,,,
,,,,,,,,,
,,,,,,,,,
,,,,,,,,,
,,,,,,,,,
,,,,,,,,,
,,,,,,,,,
,,,,,,,,,
,,,,,,,,,
,,,,,,,,,
,,,,,,,,,
,,,,,,,,,
,,,,,,,,,
,,,,,,,,,
,,,,,,,,,
,,,,,,,,,
,,,,,,,,,